event_id,title,category,source,date,latitude,longitude,magnitude_value,magnitude_unit,closed
EONET_19349,"Holly Springs IU 81-1 83-1 RX Prescribed Fire, Lafayette, Mississippi",Wildfires,IRWIN,2026-04-06T09:15:00Z,34.49759,-89.382263,2113,acres,
EONET_19351,"EASTER PASTURE Wildfire, Hendry, Florida",Wildfires,IRWIN,2026-04-05T22:32:00Z,26.4713889,-81.0269444,562,acres,
EONET_19329,Tropical Cyclone Vaianu,Severe Storms,JTWC,2026-04-05T00:00:00Z,-13.8,171.8,40,kts,
EONET_19329,Tropical Cyclone Vaianu,Severe Storms,JTWC,2026-04-05T06:00:00Z,-14.5,172.3,55,kts,
EONET_19329,Tropical Cyclone Vaianu,Severe Storms,JTWC,2026-04-05T12:00:00Z,-14.9,172.4,60,kts,
EONET_19329,Tropical Cyclone Vaianu,Severe Storms,JTWC,2026-04-05T18:00:00Z,-15.1,172.6,75,kts,
EONET_19329,Tropical Cyclone Vaianu,Severe Storms,JTWC,2026-04-06T00:00:00Z,-15.7,173.1,80,kts,
EONET_19329,Tropical Cyclone Vaianu,Severe Storms,JTWC,2026-04-06T06:00:00Z,-16.1,173.6,90,kts,
EONET_19329,Tropical Cyclone Vaianu,Severe Storms,JTWC,2026-04-06T12:00:00Z,-16.5,173.8,95,kts,
EONET_19329,Tropical Cyclone Vaianu,Severe Storms,JTWC,2026-04-06T18:00:00Z,-17.1,174.4,95,kts,
EONET_19329,Tropical Cyclone Vaianu,Severe Storms,JTWC,2026-04-07T00:00:00Z,-18.1,174.8,100,kts,
EONET_19329,Tropical Cyclone Vaianu,Severe Storms,JTWC,2026-04-07T06:00:00Z,-19.2,175.3,100,kts,
EONET_19329,Tropical Cyclone Vaianu,Severe Storms,JTWC,2026-04-07T12:00:00Z,-20,175.9,95,kts,
EONET_19329,Tropical Cyclone Vaianu,Severe Storms,JTWC,2026-04-07T18:00:00Z,-21.1,177,90,kts,
EONET_19329,Tropical Cyclone Vaianu,Severe Storms,JTWC,2026-04-08T00:00:00Z,-22.2,177.4,80,kts,
EONET_19329,Tropical Cyclone Vaianu,Severe Storms,JTWC,2026-04-08T06:00:00Z,-23.4,177.8,75,kts,
EONET_19302,Tropical Cyclone Maila,Severe Storms,JTWC,2026-04-04T00:00:00Z,-9.1,155.1,35,kts,
EONET_19302,Tropical Cyclone Maila,Severe Storms,JTWC,2026-04-04T06:00:00Z,-9.1,154.9,40,kts,
EONET_19302,Tropical Cyclone Maila,Severe Storms,JTWC,2026-04-04T12:00:00Z,-9,154.7,50,kts,
EONET_19302,Tropical Cyclone Maila,Severe Storms,JTWC,2026-04-04T18:00:00Z,-8.9,154.4,60,kts,
EONET_19302,Tropical Cyclone Maila,Severe Storms,JTWC,2026-04-05T00:00:00Z,-8.8,154.2,65,kts,
EONET_19302,Tropical Cyclone Maila,Severe Storms,JTWC,2026-04-05T06:00:00Z,-9.2,154.4,65,kts,
EONET_19302,Tropical Cyclone Maila,Severe Storms,JTWC,2026-04-05T12:00:00Z,-9.3,154.6,75,kts,
EONET_19302,Tropical Cyclone Maila,Severe Storms,JTWC,2026-04-05T18:00:00Z,-9.5,154.6,85,kts,
EONET_19302,Tropical Cyclone Maila,Severe Storms,JTWC,2026-04-06T00:00:00Z,-9.5,154.7,90,kts,
EONET_19302,Tropical Cyclone Maila,Severe Storms,JTWC,2026-04-06T06:00:00Z,-9.7,155.3,85,kts,
EONET_19302,Tropical Cyclone Maila,Severe Storms,JTWC,2026-04-06T12:00:00Z,-9.7,155.5,95,kts,
EONET_19302,Tropical Cyclone Maila,Severe Storms,JTWC,2026-04-06T18:00:00Z,-9.9,156.1,90,kts,
EONET_19302,Tropical Cyclone Maila,Severe Storms,JTWC,2026-04-07T00:00:00Z,-9.9,156.4,90,kts,
EONET_19302,Tropical Cyclone Maila,Severe Storms,JTWC,2026-04-07T06:00:00Z,-9.9,156.5,100,kts,
EONET_19302,Tropical Cyclone Maila,Severe Storms,JTWC,2026-04-07T12:00:00Z,-9.7,156.3,110,kts,
EONET_19302,Tropical Cyclone Maila,Severe Storms,JTWC,2026-04-07T18:00:00Z,-9.5,156,125,kts,
EONET_19302,Tropical Cyclone Maila,Severe Storms,JTWC,2026-04-08T00:00:00Z,-9,155.9,115,kts,
EONET_19302,Tropical Cyclone Maila,Severe Storms,JTWC,2026-04-08T06:00:00Z,-8.6,155.9,110,kts,
EONET_19302,Tropical Cyclone Maila,Severe Storms,JTWC,2026-04-08T12:00:00Z,-8.6,155.7,105,kts,
EONET_19356,"APQ Area 10 &amp; 10B Rx 0403 Prescribed Fire, Highlands, Florida",Wildfires,IRWIN,2026-04-03T19:45:00Z,27.607297,-81.172485,1800,acres,
EONET_19350,"Hilux Wildfire, Collier, Florida",Wildfires,IRWIN,2026-04-03T15:54:00Z,26.228889,-81.279167,511,acres,
EONET_19355,"SPRINGS Wildfire, Riverside, California",Wildfires,IRWIN,2026-04-03T14:19:00Z,33.891678,-117.078415,4176,acres,
EONET_19357,"rx-Young 1 Prescribed Fire, Jefferson, Wisconsin",Wildfires,IRWIN,2026-04-03T13:28:00Z,42.8455985,-88.630401,802.3,acres,
EONET_19352,"Sargent Wildfire, Polk, Florida",Wildfires,IRWIN,2026-04-02T17:18:00Z,27.652481,-81.350623,2712,acres,
EONET_19203,"rx-12_ 13_ 14 Prescribed Fire, Burnett, Wisconsin",Wildfires,IRWIN,2026-04-02T11:26:00Z,45.7153853,-92.6888328,655.7,acres,
EONET_19204,"Rx Houston 3041 Prescribed Fire, Houston, Texas",Wildfires,IRWIN,2026-04-02T10:05:00Z,31.407942,-95.537898,1000,acres,
EONET_19169,Tropical Cyclone Indusa,Severe Storms,JTWC,2026-04-02T00:00:00Z,-11.6,73.6,,,
EONET_19169,Tropical Cyclone Indusa,Severe Storms,JTWC,2026-04-02T06:00:00Z,-12,73.5,40,kts,
EONET_19169,Tropical Cyclone Indusa,Severe Storms,JTWC,2026-04-02T12:00:00Z,-12.6,73.2,45,kts,
EONET_19169,Tropical Cyclone Indusa,Severe Storms,JTWC,2026-04-02T18:00:00Z,-12.6,73.5,55,kts,
EONET_19169,Tropical Cyclone Indusa,Severe Storms,JTWC,2026-04-03T00:00:00Z,-14.1,73.2,55,kts,
EONET_19169,Tropical Cyclone Indusa,Severe Storms,JTWC,2026-04-03T06:00:00Z,-15.2,72.9,55,kts,
EONET_19169,Tropical Cyclone Indusa,Severe Storms,JTWC,2026-04-03T12:00:00Z,-16.5,72.2,60,kts,
EONET_19169,Tropical Cyclone Indusa,Severe Storms,JTWC,2026-04-03T18:00:00Z,-17.8,71.6,65,kts,
EONET_19169,Tropical Cyclone Indusa,Severe Storms,JTWC,2026-04-04T00:00:00Z,-19.1,70.5,85,kts,
EONET_19169,Tropical Cyclone Indusa,Severe Storms,JTWC,2026-04-04T06:00:00Z,-20.3,70.2,90,kts,
EONET_19169,Tropical Cyclone Indusa,Severe Storms,JTWC,2026-04-04T12:00:00Z,-21.7,70,80,kts,
EONET_19169,Tropical Cyclone Indusa,Severe Storms,JTWC,2026-04-04T18:00:00Z,-23.7,70.3,70,kts,
EONET_19169,Tropical Cyclone Indusa,Severe Storms,JTWC,2026-04-05T00:00:00Z,-25.7,70.2,70,kts,
EONET_19169,Tropical Cyclone Indusa,Severe Storms,JTWC,2026-04-05T06:00:00Z,-28,70.9,65,kts,
EONET_19169,Tropical Cyclone Indusa,Severe Storms,JTWC,2026-04-05T12:00:00Z,-30.2,71.9,60,kts,
EONET_19169,Tropical Cyclone Indusa,Severe Storms,JTWC,2026-04-05T18:00:00Z,-32,73.1,50,kts,
EONET_19208,"RX PCS Beauchamp North Prescribed Fire, Scott, Arkansas",Wildfires,IRWIN,2026-04-01T09:11:00Z,34.800258,-94.327475,1402,acres,
EONET_19229,"Julie Pond Wildfire, Dorchester, Maryland",Wildfires,IRWIN,2026-03-31T13:22:00Z,38.396085,-75.97625,1500,acres,
EONET_19232,"Caddo Lake C-6 RX Prescribed Fire, Harrison, Texas",Wildfires,IRWIN,2026-03-31T10:13:00Z,32.667308,-94.104296,509,acres,
EONET_19224,"C-148 BLK 9 10 &amp; 11 EN RX Prescribed Fire, Newberry, South Carolina",Wildfires,IRWIN,2026-03-31T07:55:00Z,34.421667,-81.528333,606.3,acres,
EONET_19225,"Middle Toe Wildfire, Pittsburg, Oklahoma",Wildfires,IRWIN,2026-03-30T19:32:00Z,35.0475,-95.3977778,505,acres,
EONET_19194,"Hall Thompson Lane Wildfire, Shelby, Alabama",Wildfires,IRWIN,2026-03-30T15:26:00Z,33.4077778,-86.5408333,2500,acres,
EONET_19239,"Sweetwater Wildfire, Marengo, Alabama",Wildfires,IRWIN,2026-03-30T12:41:00Z,32.2358333,-87.915,570,acres,
EONET_19237,"RX PCS Henry Mountain Prescribed Fire, Scott, Arkansas",Wildfires,IRWIN,2026-03-30T11:43:00Z,34.805454,-94.248164,1888,acres,
EONET_19233,"DCNF C37 RX Prescribed Fire, Houston, Texas",Wildfires,IRWIN,2026-03-30T10:17:00Z,31.347207,-95.258555,1373,acres,
EONET_19234,"RX Forks 14 Prescribed Fire, Montgomery, Arkansas",Wildfires,IRWIN,2026-03-30T09:54:00Z,34.564167,-93.801389,3795,acres,
EONET_19238,"Chickasawhay CPT 373 RX Prescribed Fire, Wayne, Mississippi",Wildfires,IRWIN,2026-03-30T09:28:00Z,31.5429,-88.8988,1444,acres,
EONET_19212,"14B/14C RX Prescribed Fire, Jones, Georgia",Wildfires,IRWIN,2026-03-30T09:16:00Z,33.1173,-83.6958,501,acres,
EONET_19236,"ANF Turkey Creek C-7 RX Prescribed Fire, San Augustine, Texas",Wildfires,IRWIN,2026-03-30T09:11:00Z,31.413583,-94.193667,1667,acres,
EONET_19205,"Lamar Bennett Trail Wildfire, Ware, Georgia",Wildfires,IRWIN,2026-03-29T21:00:00Z,31.4411111,-82.5197222,1279,acres,
EONET_19207,"Cane Creek Wildfire, Wilkes, North Carolina",Wildfires,IRWIN,2026-03-29T18:16:00Z,36.31295,-81.1739,600,acres,
EONET_19235,"Long Ridge Rx Unit 41 &amp; 47 Prescribed Fire, Athens, Ohio",Wildfires,IRWIN,2026-03-29T17:01:00Z,39.449275,-82.124323,728,acres,
EONET_19245,"Birdseye RX Prescribed Fire, Crawford, Indiana",Wildfires,IRWIN,2026-03-29T15:40:00Z,38.3132,-86.6787,633,acres,
EONET_19213,"Compartment 154 RX Prescribed Fire, Putnam, Georgia",Wildfires,IRWIN,2026-03-29T14:35:00Z,33.376697,-83.41644,1501,acres,
EONET_19241,"Johnson Hills Wildfire, Phelps, Nebraska",Wildfires,IRWIN,2026-03-29T11:43:00Z,40.496668,-99.615742,1200,acres,
EONET_19247,"rx-Refuge Pool South Prescribed Fire, Juneau, Wisconsin",Wildfires,IRWIN,2026-03-29T09:15:00Z,44.2254153,-90.2632005,609.2,acres,
EONET_19246,"McClurg RX Prescribed Fire, Ozark, Missouri",Wildfires,IRWIN,2026-03-29T08:13:00Z,36.800278,-92.754167,2134,acres,
EONET_19242,"BOMAN Wildfire, Osage, Oklahoma",Wildfires,IRWIN,2026-03-28T18:18:00Z,36.5468,-96.077,1810,acres,
EONET_19249,"BISON LOOP Wildfire, Osage, Oklahoma",Wildfires,IRWIN,2026-03-28T17:14:00Z,36.820957,-96.45943,2910,acres,
EONET_19243,"Sheep Creek RX Prescribed Fire, Lemhi, Idaho",Wildfires,IRWIN,2026-03-27T18:19:00Z,45.457667,-113.9325,1300,acres,
EONET_19226,"Old 66 Wildfire, Quay, New Mexico",Wildfires,IRWIN,2026-03-27T15:32:00Z,35.146209,-103.285447,3668,acres,
EONET_19252,"Carroll Co State Assist Wildfire, Carroll, Mississippi",Wildfires,IRWIN,2026-03-27T15:29:00Z,33.374444,-89.955556,1500,acres,
EONET_18975,"Rx Hardin 2806 Prescribed Fire, Hardin, Texas",Wildfires,IRWIN,2026-03-27T12:21:00Z,30.3957,-94.34081,650,acres,
EONET_19240,"3R RX - COYOTE Prescribed Fire, Ferry, Washington",Wildfires,IRWIN,2026-03-27T11:06:00Z,48.604201,-118.293279,531,acres,
EONET_18971,"Carroll - CR 145 Wildfire, Carroll, Mississippi",Wildfires,IRWIN,2026-03-27T10:02:00Z,33.3744444,-89.9555556,1500,acres,
EONET_18979,"Salt Wildfire, Stafford, Kansas",Wildfires,IRWIN,2026-03-27T09:18:00Z,38.20875,-98.47647,500,acres,
EONET_18984,"Big Toe Wildfire, Pittsburg, Oklahoma",Wildfires,IRWIN,2026-03-27T03:53:00Z,35.0533333,-95.3672222,1208,acres,
EONET_19250,"Shady Grove Wildfire, Craig, Oklahoma",Wildfires,IRWIN,2026-03-26T20:42:00Z,36.9369444,-95.0955556,600,acres,
EONET_18982,"BOX Wildfire, Osage, Oklahoma",Wildfires,IRWIN,2026-03-26T18:00:00Z,36.4778,-96.6398,2486,acres,
EONET_18989,"Cedar Canyon Wildfire, Blaine, Oklahoma",Wildfires,IRWIN,2026-03-26T16:33:00Z,36.005,-98.3569444,620,acres,
EONET_18973,"RL 005 CB Wildfire, Clearwater, Minnesota",Wildfires,IRWIN,2026-03-26T10:39:00Z,47.885474,-95.257567,658,acres,
EONET_18995,"Homochitto BB 2 RX Prescribed Fire, Copiah, Mississippi",Wildfires,IRWIN,2026-03-26T09:29:00Z,31.736,-90.734,555,acres,
EONET_18987,"Minor Wildfire, Grant, Nebraska",Wildfires,IRWIN,2026-03-26T09:27:00Z,42.001111,-101.760772,13805,acres,
EONET_18988,"Ashby Wildfire, Grant, Nebraska",Wildfires,IRWIN,2026-03-26T09:26:00Z,42.021944,-101.927778,37150,acres,
EONET_18994,"RX WINN BU 37 Prescribed Fire, Winn, Louisiana",Wildfires,IRWIN,2026-03-26T09:17:00Z,32.036667,-92.825556,1816,acres,
EONET_19248,"ANF Upland Island N 68/69/70 RX Prescribed Fire, Angelina, Texas",Wildfires,IRWIN,2026-03-26T09:04:00Z,31.103717,-94.35225,5010,acres,
EONET_18993,"RX CALE BU 41 Prescribed Fire, Rapides, Louisiana",Wildfires,IRWIN,2026-03-26T08:49:00Z,31.135,-92.646933,925,acres,
EONET_19195,"C-38B_41 EN RX Prescribed Fire, Union, South Carolina",Wildfires,IRWIN,2026-03-26T07:32:00Z,34.588056,-81.635,1059,acres,
EONET_18986,"Zipperer Wildfire, Pittsburg, Oklahoma",Wildfires,IRWIN,2026-03-26T04:06:00Z,34.7991667,-95.5319444,1216,acres,
EONET_18992,"Turkey Wildfire, Huerfano, Colorado",Wildfires,IRWIN,2026-03-25T20:36:00Z,37.846389,-104.638056,638,acres,
EONET_18990,"Warthog Wildfire, Trinity, Texas",Wildfires,IRWIN,2026-03-25T18:53:00Z,31.131093,-95.158513,815,acres,
EONET_19214,"Compartment 144 RX Prescribed Fire, Putnam, Georgia",Wildfires,IRWIN,2026-03-25T18:37:00Z,33.240418,-83.476397,878,acres,
EONET_19006,"College Drive Wildfire, Monroe, Alabama",Wildfires,IRWIN,2026-03-25T13:07:00Z,31.83,-86.9869444,708,acres,
EONET_19005,"Warren RX Prescribed Fire, Lawrence, Alabama",Wildfires,IRWIN,2026-03-25T11:15:00Z,34.365,-87.2674,809,acres,
EONET_18996,"DCNF C-119-121 RX Prescribed Fire, Trinity, Texas",Wildfires,IRWIN,2026-03-25T10:28:00Z,31.189088,-94.886818,4234,acres,
EONET_18998,"IDNR- Sand Ridge State Forest RX Prescribed Fire, Mason, Illinois",Wildfires,IRWIN,2026-03-25T09:53:00Z,40.400583,-89.8787,1750,acres,
EONET_19003,"RX PCS Andy Knight South Prescribed Fire, Scott, Arkansas",Wildfires,IRWIN,2026-03-25T09:34:00Z,34.818241,-94.318322,3264,acres,
EONET_18999,"RX Sharp Top 1 Prescribed Fire, Montgomery, Arkansas",Wildfires,IRWIN,2026-03-25T08:45:00Z,34.425278,-93.545833,3812,acres,
EONET_19002,"RX Vanderslice Unit 7/8 Prescribed Fire, Montgomery, Arkansas",Wildfires,IRWIN,2026-03-25T08:07:00Z,34.669806,-93.46725,2511,acres,
EONET_19244,"CMB - Powder Mill RX Prescribed Fire, Menifee, Kentucky",Wildfires,IRWIN,2026-03-25T06:44:00Z,37.878829,-83.68166,1081,acres,
EONET_18991,"FENCO FARMS (38) Wildfire, Levy, Florida",Wildfires,IRWIN,2026-03-24T19:48:00Z,29.0691667,-82.5494444,572.98,acres,
EONET_19007,"Compartment 128 RX Prescribed Fire, Jones, Georgia",Wildfires,IRWIN,2026-03-24T18:31:00Z,33.117915,-83.494928,1014,acres,
EONET_19227,"D7 Brushy MTN North RX Prescribed Fire, Apache, Arizona",Wildfires,IRWIN,2026-03-24T18:28:00Z,34.130612,-109.79702,1014,acres,
EONET_19008,"Iron Post Wildfire, Cherokee, Oklahoma",Wildfires,IRWIN,2026-03-24T15:45:00Z,36.1373333,-95.1038333,1309,acres,
EONET_19012,"PENNEL CREEK Wildfire, Osage, Oklahoma",Wildfires,IRWIN,2026-03-24T14:26:00Z,36.627446,-96.125892,698,acres,
EONET_18985,"Hutchinson Wildfire, Hutchinson, Texas",Wildfires,IRWIN,2026-03-24T13:54:00Z,35.71033333,-101.4915333,2937,acres,
EONET_19014,"ADAMS FAMILY Wildfire, Osage, Oklahoma",Wildfires,IRWIN,2026-03-24T13:39:00Z,36.4916,-96.15697,568,acres,
EONET_18981,"RX PCS Ross Creek Prescribed Fire, Scott, Arkansas",Wildfires,IRWIN,2026-03-24T10:27:00Z,34.822777,-94.194099,3009,acres,
EONET_19011,"RX Whiskey Springs 3 Prescribed Fire, Crawford, Arkansas",Wildfires,IRWIN,2026-03-24T09:55:00Z,35.7401,-94.3509,2343,acres,
EONET_19010,"RX Mount Ida 7 Prescribed Fire, Montgomery, Arkansas",Wildfires,IRWIN,2026-03-24T09:22:00Z,34.584167,-93.668056,698,acres,
EONET_19013,"RX SOUTH LONE PINE Prescribed Fire, Pittsburg, Oklahoma",Wildfires,IRWIN,2026-03-24T08:14:00Z,34.6885,-95.6025,1369,acres,
EONET_19004,"Bald Mountain RX Prescribed Fire, Craig, Virginia",Wildfires,IRWIN,2026-03-24T07:47:00Z,37.598086,-80.063054,1193,acres,
EONET_19215,"Compartment 119_120 RX Prescribed Fire, Jasper, Georgia",Wildfires,IRWIN,2026-03-24T07:24:00Z,33.169817,-83.674067,2245,acres,
EONET_18750,"90 Degrees Wildfire, Latimer, Oklahoma",Wildfires,IRWIN,2026-03-24T02:44:00Z,35.0336111,-95.2988889,600,acres,
EONET_18972,"Old Kentucky Wildfire, Sequoyah, Oklahoma",Wildfires,IRWIN,2026-03-23T20:23:00Z,35.6228333,-94.7365,712,acres,
EONET_18758,"Luna Branch Wildfire, Adair, Oklahoma",Wildfires,IRWIN,2026-03-23T19:31:00Z,36.1103333,-94.7343333,1250,acres,
EONET_18768,"Oxbow Wildfire, Okfuskee, Oklahoma",Wildfires,IRWIN,2026-03-23T17:32:00Z,35.5188889,-96.4380556,2068,acres,
EONET_18772,"Polk Treat Mountain Wildfire, Floyd, Georgia",Wildfires,IRWIN,2026-03-23T17:17:00Z,34.2797222,-85.4469444,500,acres,
EONET_19009,"Big Hollow RX Prescribed Fire, Shannon, Missouri",Wildfires,IRWIN,2026-03-23T16:22:00Z,37.024717,-91.245283,659,acres,
EONET_18780,"MIDDLE CREEK Wildfire, Hughes, Oklahoma",Wildfires,IRWIN,2026-03-23T14:21:00Z,35.207222,-95.987222,2026,acres,
EONET_18781,"SALTSMAN Wildfire, McIntosh, Oklahoma",Wildfires,IRWIN,2026-03-23T14:05:00Z,35.203333,-95.803611,680,acres,
EONET_18763,"Bienville CPT 65 66 RX Prescribed Fire, Scott, Mississippi",Wildfires,IRWIN,2026-03-23T10:37:00Z,32.3396,-89.3958,1777,acres,
EONET_18786,"Barbed Wire Wildfire, Sequoyah, Oklahoma",Wildfires,IRWIN,2026-03-23T10:31:00Z,35.6081667,-94.7688333,600,acres,
EONET_18760,"DeSoto BB 0250 C-597 RX Prescribed Fire, Harrison, Mississippi",Wildfires,IRWIN,2026-03-23T10:25:00Z,30.671033,-89.0925,802,acres,
EONET_18767,"Indian Creek RX Prescribed Fire, Washington, Missouri",Wildfires,IRWIN,2026-03-23T10:16:00Z,37.99645,-90.96295,1469,acres,
EONET_18757,"RX FY26 North River Road RX BIL Prescribed Fire, Newton, Arkansas",Wildfires,IRWIN,2026-03-23T09:37:00Z,36.059167,-93.163889,700,acres,
EONET_18779,"Chickasawhay CPT 373 377 378 RX Prescribed Fire, Wayne, Mississippi",Wildfires,IRWIN,2026-03-23T09:32:00Z,31.529,-88.913,1600,acres,
EONET_18788,"NAN Split White Oak RX Prescribed Fire, Macon, North Carolina",Wildfires,IRWIN,2026-03-23T08:50:00Z,35.2159,-83.5877,1025,acres,
EONET_18789,"Sonny Glle Wildfire, Adair, Oklahoma",Wildfires,IRWIN,2026-03-23T08:34:00Z,35.6419444,-94.6327778,560,acres,
EONET_18790,"Pumpkin Hollow Wildfire, Cherokee, Oklahoma",Wildfires,IRWIN,2026-03-23T08:23:00Z,36.0330556,-94.8066667,1126.4,acres,
EONET_19196,"C-27/40 EN RX Prescribed Fire, Union, South Carolina",Wildfires,IRWIN,2026-03-23T07:53:00Z,34.636389,-81.650833,1132,acres,
EONET_19360,"C-148 FM RX Prescribed Fire, Berkeley, South Carolina",Wildfires,IRWIN,2026-03-23T07:12:00Z,33.17875,-79.537472,1162,acres,
EONET_18769,"Cross Timber Wildfire, Pottawatomie, Oklahoma",Wildfires,IRWIN,2026-03-22T20:49:00Z,35.015,-96.9775,857,acres,
EONET_18756,"Dennison Hollow/Stoneface RX Prescribed Fire, Pope, Illinois",Wildfires,IRWIN,2026-03-22T17:36:00Z,37.384629,-88.701897,1382,acres,
EONET_19216,"Compartment 117 RX Prescribed Fire, Jasper, Georgia",Wildfires,IRWIN,2026-03-22T16:48:00Z,33.161772,-83.789,1203,acres,
EONET_18771,"Jumping Juniper Wildfire, Dewey, Oklahoma",Wildfires,IRWIN,2026-03-22T16:04:00Z,36.0866667,-99.2852778,623,acres,
EONET_18751,"Tippah - CR 250 Wildfire, Tippah, Mississippi",Wildfires,IRWIN,2026-03-22T15:05:00Z,34.8483333,-88.7819444,802,acres,
EONET_18752,"BAKER RD Wildfire, Calhoun, Florida",Wildfires,IRWIN,2026-03-22T13:50:00Z,30.5072222,-85.3222222,500,acres,
EONET_19217,"6D/7S/8A RX Prescribed Fire, Jones, Georgia",Wildfires,IRWIN,2026-03-22T09:33:00Z,33.1396,-83.7338,809,acres,
EONET_18785,"Compartment 153 RX Prescribed Fire, Putnam, Georgia",Wildfires,IRWIN,2026-03-22T09:18:00Z,33.320013,-83.461761,920,acres,
EONET_18797,"Pound Gap RX Prescribed Fire, Wise, Virginia",Wildfires,IRWIN,2026-03-22T08:50:00Z,36.892,-82.462667,1513,acres,
EONET_18787,"North River RX Prescribed Fire, Augusta, Virginia",Wildfires,IRWIN,2026-03-22T08:46:00Z,38.416361,-79.283194,1513,acres,
EONET_18791,"RX East End Bear Mountain Prescribed Fire, Garland, Arkansas",Wildfires,IRWIN,2026-03-22T08:15:00Z,34.555278,-93.309722,3577,acres,
EONET_18798,"CRO C-35/C-36 Old Church Rd RX Prescribed Fire, Carteret, North Carolina",Wildfires,IRWIN,2026-03-22T07:18:00Z,34.778333,-77.1,924,acres,
EONET_18770,"Sunshine Hollow Wildfire, Pushmataha, Oklahoma",Wildfires,IRWIN,2026-03-22T00:08:00Z,34.3602778,-95.5191667,1600,acres,
EONET_18778,"KANE Wildfire, Big Horn, Wyoming",Wildfires,IRWIN,2026-03-21T23:05:00Z,44.860117,-108.222067,1915,acres,
EONET_18793,"Grey Road Wildfire, Butler, Kansas",Wildfires,IRWIN,2026-03-21T18:48:00Z,37.6749,-96.5991,1557,acres,
EONET_19218,"Compartment 157 RX Prescribed Fire, Putnam, Georgia",Wildfires,IRWIN,2026-03-21T16:48:00Z,33.41174,-83.414038,1293,acres,
EONET_18766,"RX PCS Buffalo 1 Prescribed Fire, Scott, Arkansas",Wildfires,IRWIN,2026-03-21T09:58:00Z,34.806,-94.216,652,acres,
EONET_18799,"RX Beau Champ South Prescribed Fire, Scott, Arkansas",Wildfires,IRWIN,2026-03-21T09:41:00Z,34.882067,-93.870917,1033,acres,
EONET_18801,"RX CAT BU 3 Prescribed Fire, Grant, Louisiana",Wildfires,IRWIN,2026-03-21T09:26:00Z,31.740833,-92.445278,1455,acres,
EONET_18774,"Burgess East Wildfire, Clay, Alabama",Wildfires,IRWIN,2026-03-21T09:20:00Z,33.364143,-85.917891,1020,acres,
EONET_18782,"Hall Valley Rd Wildfire, Floyd, Georgia",Wildfires,IRWIN,2026-03-21T09:05:00Z,34.2769444,-85.4477778,509,acres,
EONET_18802,"Compartment 146 RX Prescribed Fire, Perry, Alabama",Wildfires,IRWIN,2026-03-21T09:03:00Z,32.674783,-87.055383,1300,acres,
EONET_18748,"TUS Elbow Creek RX Prescribed Fire, Cherokee, North Carolina",Wildfires,IRWIN,2026-03-21T08:43:00Z,35.220783,-84.254,1903,acres,
EONET_18810,"SAND CREEK Wildfire, Osage, Oklahoma",Wildfires,IRWIN,2026-03-21T08:37:00Z,36.426885,-96.280622,5000,acres,
EONET_18796,"Flatwoods Rx Prescribed Fire, Wise, Virginia",Wildfires,IRWIN,2026-03-21T07:57:00Z,36.90875,-82.450217,1400,acres,
EONET_19197,"C-28A EN RX Prescribed Fire, Union, South Carolina",Wildfires,IRWIN,2026-03-21T07:38:00Z,34.644444,-81.683333,607,acres,
EONET_18800,"Spice Run Rx Prescribed Fire, Alleghany, Virginia",Wildfires,IRWIN,2026-03-21T07:12:00Z,37.655333,-80.07,502,acres,
EONET_19220,"32N/33B RX Prescribed Fire, Jones, Georgia",Wildfires,IRWIN,2026-03-20T20:08:00Z,33.0131,-83.6682,572,acres,
EONET_19219,"Compartment 134 RX Prescribed Fire, Jones, Georgia",Wildfires,IRWIN,2026-03-20T20:06:00Z,33.1793,-83.480883,2200,acres,
EONET_18807,"Big Mineral North RX Prescribed Fire, Grayson, Texas",Wildfires,IRWIN,2026-03-20T19:33:00Z,33.705185,-96.789282,746,acres,
EONET_18803,"Sandpiper Wildfire, Natrona, Wyoming",Wildfires,IRWIN,2026-03-20T17:35:00Z,42.90757,-106.14654,6287,acres,
EONET_18794,"Sharp Rock RX Prescribed Fire, Jackson, Illinois",Wildfires,IRWIN,2026-03-20T17:24:00Z,37.830978,-89.513588,1318,acres,
EONET_18820,"RX PCS South Waldron Ridge 10 Prescribed Fire, Scott, Arkansas",Wildfires,IRWIN,2026-03-20T16:40:00Z,34.882067,-93.870917,837,acres,
EONET_18811,"RX PCS Turkey Creek East Prescribed Fire, Scott, Arkansas",Wildfires,IRWIN,2026-03-20T16:39:00Z,34.768276,-93.97866,1613,acres,
EONET_18777,"SAND CREEK Wildfire, Osage, Oklahoma",Wildfires,IRWIN,2026-03-20T16:23:00Z,36.4266,-96.280967,5000,acres,
EONET_19000,"Rattlesnake RX Prescribed Fire, Luna, New Mexico",Wildfires,IRWIN,2026-03-20T16:09:00Z,32.45655,-107.62402,3200,acres,
EONET_18823,"Ridge Road RX Prescribed Fire, Clay, Alabama",Wildfires,IRWIN,2026-03-20T12:53:00Z,33.441667,-85.908056,2442,acres,
EONET_18812,"Seed Tick Tornado West RX Prescribed Fire, Wayne, Missouri",Wildfires,IRWIN,2026-03-20T12:33:00Z,36.955356,-90.68759,702,acres,
EONET_18776,"Homochitto BB 42 sub 4 RX Prescribed Fire, Franklin, Mississippi",Wildfires,IRWIN,2026-03-20T10:19:00Z,31.372,-91.077,771,acres,
EONET_18808,"SNF Red Hills C-71/72/74 RX Prescribed Fire, Sabine, Texas",Wildfires,IRWIN,2026-03-20T09:51:00Z,31.469917,-93.809533,2333,acres,
EONET_18822,"Chickasawhay CPT 433 RX Prescribed Fire, Wayne, Mississippi",Wildfires,IRWIN,2026-03-20T09:51:00Z,31.4912,-88.7483,1105,acres,
EONET_18824,"Brown Creek RX Prescribed Fire, Lawrence, Alabama",Wildfires,IRWIN,2026-03-20T09:09:00Z,34.30163,-87.2295,854,acres,
EONET_18817,"RX BO/MAG Dean Reid Prescribed Fire, Logan, Arkansas",Wildfires,IRWIN,2026-03-20T09:01:00Z,35.220262,-93.365711,674,acres,
EONET_18821,"Compartment 104 RX Prescribed Fire, Bibb, Alabama",Wildfires,IRWIN,2026-03-20T08:36:00Z,32.888971,-87.028753,1048,acres,
EONET_18816,"RX Vanderslice Unit 6 Prescribed Fire, Montgomery, Arkansas",Wildfires,IRWIN,2026-03-20T08:18:00Z,34.638603,-93.411794,2088,acres,
EONET_18814,"RX Mt Clair Prescribed Fire, Polk, Arkansas",Wildfires,IRWIN,2026-03-20T08:09:00Z,34.411944,-94.313611,918,acres,
EONET_18815,"RX Buck Crk SU1 Prescribed Fire, McCurtain, Oklahoma",Wildfires,IRWIN,2026-03-20T08:07:00Z,34.338967,-94.71035,500,acres,
EONET_19370,"C-242 GOVERNOR SCHOOL LC RX Prescribed Fire, McCormick, South Carolina",Wildfires,IRWIN,2026-03-20T07:55:00Z,33.943442,-82.402642,572,acres,
EONET_19371,"C-249 MIDDLE LC RX Prescribed Fire, McCormick, South Carolina",Wildfires,IRWIN,2026-03-20T07:42:00Z,33.931944,-82.478506,704,acres,
EONET_19198,"C-105/106 EN RX Prescribed Fire, Newberry, South Carolina",Wildfires,IRWIN,2026-03-20T07:38:00Z,34.467222,-81.575,1293,acres,
EONET_18997,"Grasshopper Hollow RX Prescribed Fire, Reynolds, Missouri",Wildfires,IRWIN,2026-03-19T20:21:00Z,37.432883,-91.098967,1410,acres,
EONET_19221,"4B/4C RX Prescribed Fire, Jasper, Georgia",Wildfires,IRWIN,2026-03-19T18:31:00Z,33.1448,-83.7738,509,acres,
EONET_18813,"Sulphur Springs RX Prescribed Fire, Pope, Illinois",Wildfires,IRWIN,2026-03-19T16:15:00Z,37.44427,-88.552696,869,acres,
EONET_18842,"Goose Creek RX Prescribed Fire, Butler, Missouri",Wildfires,IRWIN,2026-03-19T15:11:00Z,36.890617,-90.526367,1438,acres,
EONET_18753,"Mill Pond Wildfire, Liberty, Florida",Wildfires,IRWIN,2026-03-19T14:39:00Z,30.310367,-84.812867,1752,acres,
EONET_19222,"Compartment 107 RX Prescribed Fire, Jasper, Georgia",Wildfires,IRWIN,2026-03-19T11:23:00Z,33.235117,-83.812067,1896,acres,
EONET_18828,"RX Hog Jaw 1/2 &amp; Shirley Creek 10 Prescribed Fire, Montgomery, Arkansas",Wildfires,IRWIN,2026-03-19T10:56:00Z,34.5875,-93.784444,2112,acres,
EONET_18841,"Beech Creek RX Prescribed Fire, Lawrence, Alabama",Wildfires,IRWIN,2026-03-19T10:19:00Z,34.314694,-87.3185,807,acres,
EONET_18838,"Burgess Point W RX Prescribed Fire, Clay, Alabama",Wildfires,IRWIN,2026-03-19T10:18:00Z,33.380666,-85.906632,1692,acres,
EONET_18826,"RX WINN BU 6 Prescribed Fire, Winn, Louisiana",Wildfires,IRWIN,2026-03-19T10:15:00Z,32.127716,-92.874123,1405,acres,
EONET_18829,"DCNF C-71/72/73 RX Prescribed Fire, Houston, Texas",Wildfires,IRWIN,2026-03-19T10:00:00Z,31.25011,-95.187895,4029,acres,
EONET_18830,"SNF Mclemore Hills RX Prescribed Fire, Sabine, Texas",Wildfires,IRWIN,2026-03-19T09:41:00Z,31.27175,-93.7682,2280,acres,
EONET_18836,"RX Vanderslice Prescribed Fire, Montgomery, Arkansas",Wildfires,IRWIN,2026-03-19T09:28:00Z,34.642028,-93.5005,1688,acres,
EONET_18849,"Rx Lamar 2579 Prescribed Fire, Lamar, Texas",Wildfires,IRWIN,2026-03-19T09:23:00Z,33.81055556,-95.70388889,750,acres,
EONET_18832,"RX PCS Turkey Creek West Prescribed Fire, Scott, Arkansas",Wildfires,IRWIN,2026-03-19T09:18:00Z,34.768276,-93.97866,2490,acres,
EONET_18831,"SHNF C-37 RX Prescribed Fire, Montgomery, Texas",Wildfires,IRWIN,2026-03-19T09:10:00Z,30.525217,-95.635033,973,acres,
EONET_18835,"RX BO/MAG Egypt Hollow 1 Prescribed Fire, Logan, Arkansas",Wildfires,IRWIN,2026-03-19T09:02:00Z,35.257,-93.4343,1651,acres,
EONET_18840,"Compartment 20 RX Prescribed Fire, Hale, Alabama",Wildfires,IRWIN,2026-03-19T08:56:00Z,32.981519,-87.507098,1467,acres,
EONET_18834,"RX CALE BU 45 Prescribed Fire, Rapides, Louisiana",Wildfires,IRWIN,2026-03-19T08:37:00Z,31.1053,-92.616,764,acres,
EONET_18837,"RX Potato Knob Prescribed Fire, Franklin, Arkansas",Wildfires,IRWIN,2026-03-19T08:27:00Z,35.7,-93.911,1400,acres,
EONET_18818,"RX FY26 PERI Roundtop Cox BIL Prescribed Fire, Benton, Arkansas",Wildfires,IRWIN,2026-03-19T08:24:00Z,36.4452,-94.0487,537,acres,
EONET_18833,"RX Fourche Valley Unit 5 Prescribed Fire, Yell, Arkansas",Wildfires,IRWIN,2026-03-19T08:14:00Z,34.958417,-93.514833,1880,acres,
EONET_18848,"DRUMMOND Wildfire, Osage, Oklahoma",Wildfires,IRWIN,2026-03-18T17:35:00Z,36.3578,-96.3132,5000,acres,
EONET_19358,"BORDER 2 RX Prescribed Fire, Cochise, Arizona",Wildfires,IRWIN,2026-03-18T14:04:00Z,31.356667,-110.305833,1255,acres,
EONET_18765,"LAAF RX Prescribed Fire, Cochise, Arizona",Wildfires,IRWIN,2026-03-18T14:02:00Z,31.581389,-110.331944,630,acres,
EONET_19223,"Compartment 145 RX Prescribed Fire, Putnam, Georgia",Wildfires,IRWIN,2026-03-18T13:24:00Z,33.2402,-83.520117,1345,acres,
EONET_18754,"24 Wildfire, Fremont, Colorado",Wildfires,IRWIN,2026-03-18T13:11:00Z,38.527029,-104.963722,7385,acres,
EONET_18845,"D2 Sinkhole RX Prescribed Fire, Coconino, Arizona",Wildfires,IRWIN,2026-03-18T11:12:00Z,34.3097,-110.8792,876,acres,
EONET_18847,"Homochitto BB65sub3 RX Prescribed Fire, Amite, Mississippi",Wildfires,IRWIN,2026-03-18T10:37:00Z,31.302,-90.998,947,acres,
EONET_18854,"Tombigbee IU 20-1 RX Prescribed Fire, Chickasaw, Mississippi",Wildfires,IRWIN,2026-03-18T10:35:00Z,33.9493,-88.9175,1037,acres,
EONET_18855,"Bienville Cpt 36 &amp; 37 RX Prescribed Fire, Scott, Mississippi",Wildfires,IRWIN,2026-03-18T10:33:00Z,32.3932,-89.6363,2139,acres,
EONET_18868,"DCNF C-70/71 RX Prescribed Fire, Houston, Texas",Wildfires,IRWIN,2026-03-18T09:57:00Z,31.277529,-95.202153,1693,acres,
EONET_18867,"DCNF C-3 RX Prescribed Fire, Houston, Texas",Wildfires,IRWIN,2026-03-18T09:56:00Z,31.478816,-95.287414,1277,acres,
EONET_18851,"SHNF C-16/17 RX Prescribed Fire, Montgomery, Texas",Wildfires,IRWIN,2026-03-18T09:49:00Z,30.535383,-95.71155,1662,acres,
EONET_18865,"Quail E RX Prescribed Fire, Clay, Alabama",Wildfires,IRWIN,2026-03-18T09:49:00Z,33.2,-86.1,672,acres,
EONET_18871,"RX KENWOOD 25 26 Prescribed Fire, Delaware, Oklahoma",Wildfires,IRWIN,2026-03-18T09:40:00Z,36.285056,-94.821583,1185,acres,
EONET_18872,"RX SOUTH 6000 Prescribed Fire, Pittsburg, Oklahoma",Wildfires,IRWIN,2026-03-18T09:37:00Z,34.7039,-95.5726,1534,acres,
EONET_18866,"SNF Triumph Church C-27/28 RX Prescribed Fire, Shelby, Texas",Wildfires,IRWIN,2026-03-18T09:34:00Z,31.714333,-93.958717,1401,acres,
EONET_18853,"RX BO/MAG Prairie South 3&amp;4 Prescribed Fire, Yell, Arkansas",Wildfires,IRWIN,2026-03-18T09:25:00Z,35.1505,-93.3897,954,acres,
EONET_18857,"IDNR Pyramid (Captain) RX Prescribed Fire, Perry, Illinois",Wildfires,IRWIN,2026-03-18T09:22:00Z,38.026954,-89.511504,588,acres,
EONET_18860,"RX Pedestal Rocks 2 Prescribed Fire, Pope, Arkansas",Wildfires,IRWIN,2026-03-18T09:15:00Z,35.687897,-93.028483,1138,acres,
EONET_18858,"RX CALE BU 57 Prescribed Fire, Rapides, Louisiana",Wildfires,IRWIN,2026-03-18T09:12:00Z,31.015383,-92.61045,1025,acres,
EONET_18783,"RATTLESNAKE HOLLOW Wildfire, McIntosh, Oklahoma",Wildfires,IRWIN,2026-03-18T09:05:00Z,35.285278,-95.921667,1026.8,acres,
EONET_18870,"Compartment 19 RX Prescribed Fire, Hale, Alabama",Wildfires,IRWIN,2026-03-18T09:03:00Z,33.002553,-87.498451,1602,acres,
EONET_18850,"RX CAT BU 103 Prescribed Fire, Rapides, Louisiana",Wildfires,IRWIN,2026-03-18T08:55:00Z,31.44231,-92.340505,943,acres,
EONET_18869,"RX PCS McConnell 1 Prescribed Fire, Scott, Arkansas",Wildfires,IRWIN,2026-03-18T08:46:00Z,34.716671,-94.038643,762,acres,
EONET_18862,"RX Spring Creek South Prescribed Fire, Searcy, Arkansas",Wildfires,IRWIN,2026-03-18T08:37:00Z,36.023633,-92.4196,1749,acres,
EONET_18863,"RX PCS Andy Knight North Prescribed Fire, Scott, Arkansas",Wildfires,IRWIN,2026-03-18T08:31:00Z,34.830681,-94.335138,1857,acres,
EONET_18859,"RX MCWA Linson Prescribed Fire, McCurtain, Oklahoma",Wildfires,IRWIN,2026-03-18T08:15:00Z,34.306,-94.671,4265,acres,
EONET_18852,"RX Buck Creek Prescribed Fire, McCurtain, Oklahoma",Wildfires,IRWIN,2026-03-18T08:09:00Z,34.338967,-94.71035,805,acres,
EONET_18861,"RX Cedar West Prescribed Fire, Johnson, Arkansas",Wildfires,IRWIN,2026-03-18T08:05:00Z,35.6835,-93.339556,1410,acres,
EONET_18856,"Little Creek RX Prescribed Fire, Dent, Missouri",Wildfires,IRWIN,2026-03-17T18:06:00Z,37.461583,-91.325139,3178,acres,
EONET_18755,"139 Wildfire, Liberty, Florida",Wildfires,IRWIN,2026-03-17T12:54:00Z,30.152413,-84.945431,6043,acres,
EONET_18879,"RX Mills Prescribed Fire, Conway, Arkansas",Wildfires,IRWIN,2026-03-17T10:49:00Z,35.454286,-92.769925,1436,acres,
EONET_18806,"RX Chickalah Mtn 1 Prescribed Fire, Yell, Arkansas",Wildfires,IRWIN,2026-03-17T09:34:00Z,35.176148,-93.449379,1416,acres,
EONET_18876,"RX Stateline Prescribed Fire, Scott, Arkansas",Wildfires,IRWIN,2026-03-17T09:13:00Z,34.8134,-94.432402,2752,acres,
EONET_18878,"RX Fourche Valley Unit 4 Prescribed Fire, Yell, Arkansas",Wildfires,IRWIN,2026-03-17T08:56:00Z,34.952467,-93.558917,2632,acres,
EONET_18846,"Bean Hollow RX Prescribed Fire, Barry, Missouri",Wildfires,IRWIN,2026-03-17T08:38:00Z,36.633611,-93.710556,1055,acres,
EONET_18875,"RX North 6000 Prescribed Fire, Pittsburg, Oklahoma",Wildfires,IRWIN,2026-03-17T08:09:00Z,34.7232,-95.5615,1791,acres,
EONET_18874,"RX West Grapevine Prescribed Fire, Montgomery, Arkansas",Wildfires,IRWIN,2026-03-17T08:00:00Z,34.64513,-93.877288,3580,acres,
EONET_18825,"Little Fourche Wildfire, Latimer, Oklahoma",Wildfires,IRWIN,2026-03-17T01:50:00Z,34.9902778,-95.1716667,850,acres,
EONET_18843,"D7 Pine RX Prescribed Fire, Navajo, Arizona",Wildfires,IRWIN,2026-03-16T13:15:00Z,34.305967,-110.21895,552,acres,
EONET_18844,"D7 Thomas RX Prescribed Fire, Navajo, Arizona",Wildfires,IRWIN,2026-03-16T13:14:00Z,34.317467,-110.286367,591,acres,
EONET_18647,"MICAWBER Wildfire, Creek, Oklahoma",Wildfires,IRWIN,2026-03-16T09:20:00Z,35.664722,-96.503611,673,acres,
EONET_18652,"Water Moccasin Wildfire, Love, Oklahoma",Wildfires,IRWIN,2026-03-15T22:05:00Z,34.0369444,-97.445,750,acres,
EONET_18653,"Salt Fork Wildfire, Jackson, Oklahoma",Wildfires,IRWIN,2026-03-15T21:51:00Z,34.7436111,-99.4272222,3656,acres,
EONET_18649,"Neon Beige Wildfire, Oldham, Texas",Wildfires,IRWIN,2026-03-15T20:40:00Z,35.46241,-102.24943,1500,acres,
EONET_18645,"Moreau River Wildfire, Dewey, South Dakota",Wildfires,IRWIN,2026-03-15T11:52:00Z,45.1172222,-101.2283333,991.1,acres,
EONET_18650,"Quail AB Rx Prescribed Fire, Clay, Alabama",Wildfires,IRWIN,2026-03-15T08:17:00Z,33.211278,-86.105806,1606,acres,
EONET_18762,"Cottonwood Wildfire, Lincoln, Nebraska",Wildfires,IRWIN,2026-03-15T01:37:00Z,40.871877,-100.432885,129103,acres,
EONET_18655,"BOY SCOUT Wildfire, Osage, Oklahoma",Wildfires,IRWIN,2026-03-14T16:10:00Z,36.72568,-96.16634,586,acres,
EONET_18864,"Collier Creek Comp 32 RX Prescribed Fire, Winston, Alabama",Wildfires,IRWIN,2026-03-14T10:25:00Z,34.265139,-87.302722,1188,acres,
EONET_18656,"FIVE Wildfire, Osage, Oklahoma",Wildfires,IRWIN,2026-03-14T10:05:00Z,36.589167,-96.121944,1960,acres,
EONET_18667,"SHNF C-45 RX Prescribed Fire, Walker, Texas",Wildfires,IRWIN,2026-03-14T09:45:00Z,30.562583,-95.606283,619,acres,
EONET_18664,"RX Wildhorse South Prescribed Fire, Le Flore, Oklahoma",Wildfires,IRWIN,2026-03-14T09:43:00Z,34.778867,-94.774167,722,acres,
EONET_18666,"SHNF C-19/20 RX Prescribed Fire, Walker, Texas",Wildfires,IRWIN,2026-03-14T09:25:00Z,30.557617,-95.680217,2681,acres,
EONET_18669,"RX Little Missouri Mountain Prescribed Fire, Polk, Arkansas",Wildfires,IRWIN,2026-03-14T09:22:00Z,34.441389,-93.951389,5499,acres,
EONET_18805,"RX Gee Creek Prescribed Fire, Johnson, Arkansas",Wildfires,IRWIN,2026-03-14T09:18:00Z,35.683333,-93.25,1823,acres,
EONET_18670,"RX PCS Holly Mountain Prescribed Fire, Scott, Arkansas",Wildfires,IRWIN,2026-03-14T09:13:00Z,34.814723,-93.850334,1595,acres,
EONET_18676,"Sherman Hunt Camp South &amp; Quail F RX Prescribed Fire, Clay, Alabama",Wildfires,IRWIN,2026-03-14T09:07:00Z,33.25,-86.0961,614,acres,
EONET_18672,"State of IL East RX Prescribed Fire, Jackson, Illinois",Wildfires,IRWIN,2026-03-14T08:58:00Z,37.86162,-89.517,500,acres,
EONET_18668,"RX Fourche Valley Unit 3 Prescribed Fire, Yell, Arkansas",Wildfires,IRWIN,2026-03-14T08:56:00Z,34.928513,-93.689228,3072,acres,
EONET_18675,"RX CALV BU 127-128 Prescribed Fire, Vernon, Louisiana",Wildfires,IRWIN,2026-03-14T08:52:00Z,30.984533,-92.960167,1528,acres,
EONET_19192,"Morton Mtn AP RX Prescribed Fire, Oconee, South Carolina",Wildfires,IRWIN,2026-03-14T08:21:00Z,34.924722,-83.110833,700,acres,
EONET_18773,"Woodlawn Wildfire, McCormick, South Carolina",Wildfires,IRWIN,2026-03-13T19:40:00Z,33.62975,-82.116889,632,acres,
EONET_18678,"Butcher Hollow Block 1 RX Prescribed Fire, Reynolds, Missouri",Wildfires,IRWIN,2026-03-13T19:09:00Z,37.466167,-91.037117,709,acres,
EONET_18677,"Bounds Branch RX Prescribed Fire, Dent, Missouri",Wildfires,IRWIN,2026-03-13T18:28:00Z,37.41545,-91.225133,1949,acres,
EONET_18679,"Essman Spring Landscape RX Prescribed Fire, Butler, Missouri",Wildfires,IRWIN,2026-03-13T15:57:00Z,36.919713,-90.561728,1679,acres,
EONET_18657,"YEARLING PASTURE Wildfire, Osage, Oklahoma",Wildfires,IRWIN,2026-03-13T15:19:00Z,36.525833,-96.575,5039,acres,
EONET_18663,"Dodge Hollow RX Prescribed Fire, Barry, Missouri",Wildfires,IRWIN,2026-03-13T12:18:00Z,36.502833,-93.771333,969,acres,
EONET_18692,"RX DRAKE RANCH SW Prescribed Fire, Murray, Oklahoma",Wildfires,IRWIN,2026-03-13T11:12:00Z,34.540371,-97.100129,622,acres,
EONET_18688,"Bicycle Bridge Wildfire, Marshall, Kansas",Wildfires,IRWIN,2026-03-13T11:00:00Z,39.638844,-96.477814,800,acres,
EONET_18687,"RX Forks 1 &amp; 2 Prescribed Fire, Montgomery, Arkansas",Wildfires,IRWIN,2026-03-13T10:38:00Z,34.566389,-93.849167,1744,acres,
EONET_18690,"RX Sherman Mountain Prescribed Fire, Montgomery, Arkansas",Wildfires,IRWIN,2026-03-13T10:38:00Z,34.388889,-93.860278,1164,acres,
EONET_18654,"Morrill Wildfire, Garden, Nebraska",Wildfires,IRWIN,2026-03-13T10:30:00Z,41.47436,-102.15696,572804,acres,
EONET_18683,"RX Jake&#039;s Creek KV Prescribed Fire, Pope, Arkansas",Wildfires,IRWIN,2026-03-13T09:46:00Z,35.55,-93.216667,680,acres,
EONET_18682,"RX Dry Branch Prescribed Fire, Pope, Arkansas",Wildfires,IRWIN,2026-03-13T09:37:00Z,35.533333,-93.166667,1147,acres,
EONET_19372,"C-211 LC RX Prescribed Fire, McCormick, South Carolina",Wildfires,IRWIN,2026-03-13T09:26:00Z,34.025692,-82.333742,501,acres,
EONET_18680,"SHNF COMP 102 RX Prescribed Fire, San Jacinto, Texas",Wildfires,IRWIN,2026-03-13T09:15:00Z,30.487333,-95.147617,936,acres,
EONET_18685,"RX Bad Branch Prescribed Fire, Stone, Arkansas",Wildfires,IRWIN,2026-03-13T08:47:00Z,36.022,-92.20455,3224,acres,
EONET_18693,"Vance Barnett RX Prescribed Fire, Shannon, Missouri",Wildfires,IRWIN,2026-03-13T08:38:00Z,37.1494,-91.2017,1162,acres,
EONET_18662,"Devil&#039;s Well Rx Prescribed Fire, Shannon, Missouri",Wildfires,IRWIN,2026-03-13T08:30:00Z,37.3829,-91.4934,1012,acres,
EONET_18681,"RX Soda Hollow Prescribed Fire, Franklin, Arkansas",Wildfires,IRWIN,2026-03-13T08:28:00Z,35.698,-93.879,2139,acres,
EONET_19193,"RUSSELL MOUNTAIN AP RX Prescribed Fire, Oconee, South Carolina",Wildfires,IRWIN,2026-03-13T07:41:00Z,34.907222,-83.167778,1347,acres,
EONET_19199,"C-40 EN SOUTH RX Prescribed Fire, Union, South Carolina",Wildfires,IRWIN,2026-03-13T07:33:00Z,34.610278,-81.625556,1015,acres,
EONET_18691,"Anderson Bridge Wildfire, Cherry, Nebraska",Wildfires,IRWIN,2026-03-12T21:50:00Z,42.802367,-100.9613,6000,acres,
EONET_18651,"Qury Wildfire, Custer, South Dakota",Wildfires,IRWIN,2026-03-12T17:17:00Z,43.748119,-103.566727,8420,acres,
EONET_18658,"Road 203 Wildfire, Thomas, Nebraska",Wildfires,IRWIN,2026-03-12T17:08:00Z,41.846617,-100.4097,35814,acres,
EONET_18671,"MOREAU RIVER Wildfire, Dewey, South Dakota",Wildfires,IRWIN,2026-03-12T16:44:00Z,45.1775,-101.2286111,991.1,acres,
EONET_18694,"RX DRAKE RANCH Prescribed Fire, Murray, Oklahoma",Wildfires,IRWIN,2026-03-12T11:27:00Z,34.5366,-97.1009,852,acres,
EONET_19211,"Hale Ridge East/West RX Prescribed Fire, Rabun, Georgia",Wildfires,IRWIN,2026-03-11T09:44:00Z,34.952,-83.253,1706,acres,
EONET_19200,"C-107 C-119 BLOCKS B EN RX Prescribed Fire, Newberry, South Carolina",Wildfires,IRWIN,2026-03-11T07:51:00Z,34.456667,-81.436944,667,acres,
EONET_19373,"C-297 LC RX Prescribed Fire, McCormick, South Carolina",Wildfires,IRWIN,2026-03-11T07:41:00Z,33.779997,-82.180303,2820,acres,
EONET_18526,"Yellow Wildfire, Moore, Texas",Wildfires,IRWIN,2026-03-10T22:40:00Z,35.6423,-102.16138,8500,acres,
EONET_18531,"RX PCS White Oak Prescribed Fire, Scott, Arkansas",Wildfires,IRWIN,2026-03-10T17:12:00Z,34.974698,-93.885147,2523,acres,
EONET_19210,"Compartment 113 RX Prescribed Fire, Jasper, Georgia",Wildfires,IRWIN,2026-03-10T16:00:00Z,33.178082,-83.741364,1607,acres,
EONET_19374,"C-202 &amp; 203 LC RX Prescribed Fire, Abbeville, South Carolina",Wildfires,IRWIN,2026-03-10T08:03:00Z,34.091561,-82.306856,1208,acres,
EONET_18659,"Morris Hill RX Prescribed Fire, Alleghany, Virginia",Wildfires,IRWIN,2026-03-10T07:45:00Z,37.93312,-79.97011,517,acres,
EONET_18527,"Cabin Creek Wildfire, Gray, Texas",Wildfires,IRWIN,2026-03-09T17:52:00Z,35.422,-100.753,7000,acres,
EONET_18696,"Compartment 182 RX Prescribed Fire, Greene, Georgia",Wildfires,IRWIN,2026-03-09T17:27:00Z,33.66365,-83.324183,617,acres,
EONET_18532,"Porcupine Creek Wildfire, Campbell, Wyoming",Wildfires,IRWIN,2026-03-09T15:37:00Z,43.699,-105.647467,2490.23,acres,
EONET_18665,"Salina Canyon East RX Prescribed Fire, Sevier, Utah",Wildfires,IRWIN,2026-03-09T12:02:00Z,38.840033,-111.438133,2500,acres,
EONET_18536,"Rock Ridge Wildfire, Chouteau, Montana",Wildfires,IRWIN,2026-03-08T19:26:00Z,47.54961,-110.27752,700,acres,
EONET_18540,"Eldorado Wildfire, Teton, Montana",Wildfires,IRWIN,2026-03-08T15:17:00Z,47.909896,-112.26804,500,acres,
EONET_18546,"South Patrol North RX Prescribed Fire, Will, Illinois",Wildfires,IRWIN,2026-03-08T11:35:00Z,41.35475,-88.15605,609,acres,
EONET_18542,"RX Interior Pastures 2 Prescribed Fire, Comanche, Oklahoma",Wildfires,IRWIN,2026-03-08T08:07:00Z,34.74737,-98.700088,1209,acres,
EONET_18544,"440 Wildfire, Dixie, Florida",Wildfires,IRWIN,2026-03-07T19:54:00Z,29.6138889,-83.2216667,750,acres,
EONET_18528,"OLD BOWLING GREEN Wildfire, Polk, Florida",Wildfires,IRWIN,2026-03-07T19:11:00Z,27.6811111,-81.8244444,3297,acres,
EONET_18554,"Bienville CPT 30 Sub1 CPT 20 Sub1 RX Prescribed Fire, Scott, Mississippi",Wildfires,IRWIN,2026-03-07T09:45:00Z,32.4147,-89.6184,1539,acres,
EONET_18552,"11A/11B/11C RX Prescribed Fire, Jasper, Georgia",Wildfires,IRWIN,2026-03-07T09:39:00Z,33.1551,-83.69,971,acres,
EONET_18550,"Compartment 174 RX Prescribed Fire, Greene, Georgia",Wildfires,IRWIN,2026-03-06T19:18:00Z,33.673932,-83.34578,663,acres,
EONET_18551,"Compartment 160 RX Prescribed Fire, Putnam, Georgia",Wildfires,IRWIN,2026-03-06T19:12:00Z,33.366933,-83.4938,1034,acres,
EONET_18558,"Homochitto BB 15 Sub 1 RX Prescribed Fire, Franklin, Mississippi",Wildfires,IRWIN,2026-03-06T10:39:00Z,31.49,-90.89,550,acres,
EONET_19230,"BORDER 1 RX Prescribed Fire, Cochise, Arizona",Wildfires,IRWIN,2026-03-06T09:27:00Z,31.33446,-110.29857,1160,acres,
EONET_18560,"Site 2 RX Prescribed Fire, Clay, Alabama",Wildfires,IRWIN,2026-03-06T09:19:00Z,33.1925,-86.158333,980,acres,
EONET_18547,"RX Sugar Creek 2 Prescribed Fire, Lee, Arkansas",Wildfires,IRWIN,2026-03-06T08:53:00Z,34.688717,-90.70045,861,acres,
EONET_18839,"Hall RX Prescribed Fire, Lawrence, Alabama",Wildfires,IRWIN,2026-03-06T08:47:00Z,34.340635,-87.292821,945,acres,
EONET_18557,"Compartment 118 RX Prescribed Fire, Jasper, Georgia",Wildfires,IRWIN,2026-03-06T08:04:00Z,33.170333,-83.697383,1605,acres,
EONET_18553,"25A/25B/25C RX Prescribed Fire, Jones, Georgia",Wildfires,IRWIN,2026-03-05T17:23:00Z,33.1114,-83.6781,803,acres,
EONET_19209,"Compartment 146-147 RX Prescribed Fire, Putnam, Georgia",Wildfires,IRWIN,2026-03-05T12:57:00Z,33.262,-83.535,1306,acres,
EONET_18530,"Chokecherry RX Prescribed Fire, Thomas, Nebraska",Wildfires,IRWIN,2026-03-05T12:56:00Z,41.846617,-100.4097,1200,acres,
EONET_18697,"Site 3 B&amp;E RX Prescribed Fire, Talladega, Alabama",Wildfires,IRWIN,2026-03-05T09:28:00Z,33.19,-86.186944,863,acres,
EONET_18561,"Flag MTN A-E RX Prescribed Fire, Cleburne, Alabama",Wildfires,IRWIN,2026-03-05T09:13:00Z,33.714167,-85.59,2323,acres,
EONET_18563,"Compartment 5-6-7 RX Prescribed Fire, Jones, Georgia",Wildfires,IRWIN,2026-03-05T08:08:00Z,33.054667,-83.677117,880,acres,
EONET_19201,"C-10/11 EN RX Prescribed Fire, Chester, South Carolina",Wildfires,IRWIN,2026-03-05T07:35:00Z,34.692778,-81.427222,922,acres,
EONET_18537,"FPL Solar Field (26) Wildfire, Hendry, Florida",Wildfires,IRWIN,2026-03-04T21:01:00Z,26.4147222,-81.0430556,741,acres,
EONET_18535,"EAST TOWER Wildfire, Dare, North Carolina",Wildfires,IRWIN,2026-03-04T18:53:00Z,35.646833,-75.826833,1410,acres,
EONET_18648,"MTN Longleaf North Unit Rx Prescribed Fire, Calhoun, Alabama",Wildfires,IRWIN,2026-03-04T18:11:00Z,33.731667,-85.7495,2491,acres,
EONET_18573,"Carroll - CR 150 Wildfire, Carroll, Mississippi",Wildfires,IRWIN,2026-03-04T15:47:00Z,33.4419444,-90.0327778,526,acres,
EONET_18571,"Rhea - Robinson RX Prescribed Fire, Rhea, Tennessee",Wildfires,IRWIN,2026-03-04T11:51:00Z,35.57711667,-84.85038333,543,acres,
EONET_18562,"RX Mount Ida 9 Prescribed Fire, Montgomery, Arkansas",Wildfires,IRWIN,2026-03-04T11:35:00Z,34.579722,-93.641389,2352,acres,
EONET_18570,"Chickasawhay CPT 408 409 RX Prescribed Fire, Wayne, Mississippi",Wildfires,IRWIN,2026-03-04T11:10:00Z,31.471667,-88.898611,1632,acres,
EONET_18974,"Quail 1/3/7/9/10/11 RX Prescribed Fire, Cleburne, Alabama",Wildfires,IRWIN,2026-03-04T09:56:00Z,33.795,-85.546667,1246,acres,
EONET_18549,"BLACK KETTLE RX Prescribed Fire, Roger Mills, Oklahoma",Wildfires,IRWIN,2026-03-04T09:34:00Z,35.6394,-99.899717,640,acres,
EONET_18978,"Compartment 40B RX Prescribed Fire, Hale, Alabama",Wildfires,IRWIN,2026-03-04T09:11:00Z,32.898367,-87.46862,859,acres,
EONET_18569,"RX KIS BU 10 Prescribed Fire, Natchitoches, Louisiana",Wildfires,IRWIN,2026-03-04T08:36:00Z,31.492633,-93.192117,1243,acres,
EONET_18556,"Helen Wildfire, Mora, New Mexico",Wildfires,IRWIN,2026-03-03T19:14:00Z,36.031828,-104.768501,1132,acres,
EONET_18565,"Hancock - Dickerson Rd Wildfire, Hancock, Mississippi",Wildfires,IRWIN,2026-03-03T17:35:00Z,30.4752778,-89.6402778,1211,acres,
EONET_18575,"RX Caddo Pond (C47 Old Growth) Prescribed Fire, Montgomery, Arkansas",Wildfires,IRWIN,2026-03-03T12:53:00Z,34.374444,-93.51,1237,acres,
EONET_18583,"Rawlins Co TP Wildfire, Rawlins, Kansas",Wildfires,IRWIN,2026-03-03T12:20:00Z,39.9608333,-100.9008333,1521,acres,
EONET_18555,"Tombigbee IU 9-1 RX Prescribed Fire, Chickasaw, Mississippi",Wildfires,IRWIN,2026-03-03T11:07:00Z,34.0435,-88.9558,927,acres,
EONET_18533,"Savannah Wildfire, Liberty, Florida",Wildfires,IRWIN,2026-03-03T10:31:00Z,30.115633,-85.027485,1930,acres,
EONET_18577,"RX PCS Square Rock 3&amp;4 Prescribed Fire, Scott, Arkansas",Wildfires,IRWIN,2026-03-03T10:19:00Z,34.949564,-94.000847,1922,acres,
EONET_18578,"RX CAN BU 21 Prescribed Fire, Webster, Louisiana",Wildfires,IRWIN,2026-03-03T10:19:00Z,32.67485,-93.263904,800,acres,
EONET_18574,"RX CAN BU 17-20 Prescribed Fire, Claiborne, Louisiana",Wildfires,IRWIN,2026-03-03T10:08:00Z,32.905806,-93.008003,2862,acres,
EONET_18580,"Lower Shoal B&amp;C RX Prescribed Fire, Cleburne, Alabama",Wildfires,IRWIN,2026-03-03T09:46:00Z,33.750005,-85.560401,2364,acres,
EONET_18579,"Horn Mtn West RX Prescribed Fire, Clay, Alabama",Wildfires,IRWIN,2026-03-03T09:32:00Z,33.212778,-86.08,1373,acres,
EONET_18581,"Chickasawhay CPT 395 398 399  RX Prescribed Fire, Wayne, Mississippi",Wildfires,IRWIN,2026-03-03T09:32:00Z,31.5434,-88.7995,2861,acres,
EONET_18582,"Compartment 18 RX Prescribed Fire, Macon, Alabama",Wildfires,IRWIN,2026-03-03T09:12:00Z,32.487481,-85.5645,562,acres,
EONET_18977,"Compartment 51 RX Prescribed Fire, Bibb, Alabama",Wildfires,IRWIN,2026-03-03T09:01:00Z,32.900163,-87.390211,810,acres,
EONET_18576,"RX Blackfork Alpha Prescribed Fire, Scott, Arkansas",Wildfires,IRWIN,2026-03-03T09:00:00Z,34.737222,-94.310556,3111,acres,
EONET_18566,"Pocket South RX Prescribed Fire, Walker, Georgia",Wildfires,IRWIN,2026-03-03T08:36:00Z,34.588991,-85.078569,1064,acres,
EONET_18564,"Compartments 1-2-3 RX Prescribed Fire, Jones, Georgia",Wildfires,IRWIN,2026-03-02T15:23:00Z,33.033678,-83.716345,1269,acres,
EONET_18586,"Doyle 3 RX Prescribed Fire, Will, Illinois",Wildfires,IRWIN,2026-03-02T13:08:00Z,41.344867,-88.048,869,acres,
EONET_18309,"TUS Wolfe Ridge RX Prescribed Fire, Clay, North Carolina",Wildfires,IRWIN,2026-03-02T12:34:00Z,35.120333,-83.82495,1957,acres,
EONET_18534,"BrB04 RX Prescribed Fire, Covington, Alabama",Wildfires,IRWIN,2026-03-02T11:15:00Z,31.093738,-86.631821,2903,acres,
EONET_18591,"Pinnacle RX Prescribed Fire, Talladega, Alabama",Wildfires,IRWIN,2026-03-02T09:39:00Z,33.325,-86.068889,1121,acres,
EONET_18308,"Raven Rock D/Pilgrims Rest A RX Prescribed Fire, Cleburne, Alabama",Wildfires,IRWIN,2026-03-02T09:24:00Z,33.818256,-85.489226,721,acres,
EONET_18873,"RX BIG OK Prescribed Fire, Pittsburg, Oklahoma",Wildfires,IRWIN,2026-03-02T09:08:00Z,34.6214,-95.8295,1380,acres,
EONET_18976,"Compartment 31 RX Prescribed Fire, Bibb, Alabama",Wildfires,IRWIN,2026-03-02T08:43:00Z,32.951617,-87.386417,1482,acres,
EONET_18587,"RX CAN BU 22-23 Prescribed Fire, Webster, Louisiana",Wildfires,IRWIN,2026-03-02T08:28:00Z,32.676988,-93.281531,1200,acres,
EONET_18588,"LIRI NE Complex RX Prescribed Fire, Cherokee, Alabama",Wildfires,IRWIN,2026-03-01T16:10:00Z,34.414722,-85.593056,500,acres,
EONET_18317,"BSW 05/06 RX Prescribed Fire, Covington, Alabama",Wildfires,IRWIN,2026-03-01T09:14:00Z,31.122318,-86.576534,1949,acres,
EONET_18311,"RX Mount Ida 18 25 29 Prescribed Fire, Montgomery, Arkansas",Wildfires,IRWIN,2026-03-01T09:08:00Z,34.546944,-93.693889,2707,acres,
EONET_18318,"RX CAT BU 52 Prescribed Fire, Grant, Louisiana",Wildfires,IRWIN,2026-03-01T08:57:00Z,31.623577,-92.441277,1332,acres,
EONET_18314,"RX Redbank Units 456 Prescribed Fire, Garland, Arkansas",Wildfires,IRWIN,2026-03-01T08:44:00Z,34.641383,-93.3748,1159,acres,
EONET_18590,"RX Red Lick Prescribed Fire, Le Flore, Oklahoma",Wildfires,IRWIN,2026-03-01T08:29:00Z,34.771306,-94.664571,550,acres,
EONET_18313,"RX Johnson Creek 3 Prescribed Fire, Scott, Arkansas",Wildfires,IRWIN,2026-03-01T08:20:00Z,34.7025,-94.205,1382,acres,
EONET_18323,"East Range Unit A RX Prescribed Fire, Pulaski, Missouri",Wildfires,IRWIN,2026-02-28T20:37:00Z,37.6896,-92.1398,2200,acres,
EONET_18315,"Kellogg Wildfire, Schleicher, Texas",Wildfires,IRWIN,2026-02-28T15:05:00Z,30.8553797,-100.646594,798,acres,
EONET_18312,"Bascom Road Wildfire, Pittsburg, Oklahoma",Wildfires,IRWIN,2026-02-28T13:32:00Z,35.0777778,-95.3933333,800,acres,
EONET_18326,"RX Rorie North 2 Prescribed Fire, Baxter, Arkansas",Wildfires,IRWIN,2026-02-28T09:37:00Z,36.064033,-92.223,2452,acres,
EONET_18320,"Bunker South RX Prescribed Fire, Dent, Missouri",Wildfires,IRWIN,2026-02-28T09:36:00Z,37.4177,-91.2232,907,acres,
EONET_18324,"RX PCS Freedom Mountain Prescribed Fire, Scott, Arkansas",Wildfires,IRWIN,2026-02-28T09:28:00Z,34.946504,-93.844135,3175,acres,
EONET_18328,"RX OKWMR Interior Pastures Prescribed Fire, Comanche, Oklahoma",Wildfires,IRWIN,2026-02-28T09:22:00Z,34.74373,-98.700088,2310,acres,
EONET_18325,"RX Daniels Mt and Greenshaw Prescribed Fire, Newton, Arkansas",Wildfires,IRWIN,2026-02-28T09:01:00Z,35.807322,-93.016036,5625,acres,
EONET_18332,"RX South Fouche Cove Unit 1 Prescribed Fire, Yell, Arkansas",Wildfires,IRWIN,2026-02-28T08:30:00Z,35.045278,-93.266111,3025,acres,
EONET_18331,"RX Fourmile Prescribed Fire, Yell, Arkansas",Wildfires,IRWIN,2026-02-28T08:17:00Z,34.746667,-93.708333,4774,acres,
EONET_18327,"RX Gap Creek12 13 14 Hickory Nut Mountain Prescribed Fire, Garland, Arkansas",Wildfires,IRWIN,2026-02-28T08:06:00Z,34.564722,-93.389444,3382,acres,
EONET_18333,"RX Fish Fry I &amp; II Prescribed Fire, McCurtain, Oklahoma",Wildfires,IRWIN,2026-02-28T08:00:00Z,34.083444,-94.646917,1110,acres,
EONET_18316,"Doke Number Two Wildfire, Atoka, Oklahoma",Wildfires,IRWIN,2026-02-28T00:14:00Z,34.3491667,-95.9663889,2477,acres,
EONET_18329,"Preusch-Smith RX Prescribed Fire, Pulaski, Missouri",Wildfires,IRWIN,2026-02-27T16:32:00Z,37.703333,-92.355833,562,acres,
EONET_18334,"RADAR RD (53) Wildfire, Polk, Florida",Wildfires,IRWIN,2026-02-27T14:51:00Z,27.7002778,-82.0230556,2000,acres,
EONET_18336,"RX White Oak East Prescribed Fire, Pope, Arkansas",Wildfires,IRWIN,2026-02-27T11:59:00Z,35.45,-92.866667,832,acres,
EONET_18338,"RX PCS Square Rock 1 and 2 Prescribed Fire, Scott, Arkansas",Wildfires,IRWIN,2026-02-27T09:58:00Z,34.958993,-93.991881,2064,acres,
EONET_18346,"Mill Buzzard RX Prescribed Fire, Shannon, Missouri",Wildfires,IRWIN,2026-02-27T09:30:00Z,37.109682,-91.205578,1231,acres,
EONET_18347,"Rocky Branch RX Prescribed Fire, Texas, Missouri",Wildfires,IRWIN,2026-02-27T09:30:00Z,37.494667,-92.026333,1554,acres,
EONET_18345,"Pineknot South RX Prescribed Fire, Carter, Missouri",Wildfires,IRWIN,2026-02-27T09:15:00Z,36.888042,-91.150517,4125,acres,
EONET_18337,"RX CAT BU 36 Prescribed Fire, Grant, Louisiana",Wildfires,IRWIN,2026-02-27T09:09:00Z,31.64027,-92.452683,1468,acres,
EONET_18341,"RX Buff Creek Bill Prescribed Fire, Searcy, Arkansas",Wildfires,IRWIN,2026-02-27T08:50:00Z,35.964444,-92.929167,1064,acres,
EONET_18340,"RX Pink Twist Prescribed Fire, Franklin, Arkansas",Wildfires,IRWIN,2026-02-27T08:48:00Z,35.654164,-93.736714,750,acres,
EONET_18339,"RX Buffalo Danny Prescribed Fire, McCurtain, Oklahoma",Wildfires,IRWIN,2026-02-27T08:45:00Z,34.3801,-94.66835,2732,acres,
EONET_18343,"SUNRISE Wildfire, Okfuskee, Oklahoma",Wildfires,IRWIN,2026-02-27T08:44:00Z,35.504167,-96.156944,702,acres,
EONET_18342,"RX MO West 33 Prescribed Fire, Montgomery, Arkansas",Wildfires,IRWIN,2026-02-27T08:41:00Z,34.708889,-93.779722,748,acres,
EONET_18335,"RX WINN BU 65 Prescribed Fire, Winn, Louisiana",Wildfires,IRWIN,2026-02-27T08:40:00Z,31.882222,-92.7625,1711,acres,
EONET_18349,"Rx Hardin 1762 Prescribed Fire, Hardin, Texas",Wildfires,IRWIN,2026-02-27T08:11:00Z,30.24694444,-94.14638889,500,acres,
EONET_18350,"Rx Trinity 1763 Prescribed Fire, Trinity, Texas",Wildfires,IRWIN,2026-02-27T08:11:00Z,31.3259,-94.9552,1000,acres,
EONET_18351,"Rx Houston 1860 Prescribed Fire, Houston, Texas",Wildfires,IRWIN,2026-02-27T08:11:00Z,31.36591,-95.00019,550,acres,
EONET_18352,"Rx Trinity 1851 Prescribed Fire, Trinity, Texas",Wildfires,IRWIN,2026-02-27T08:11:00Z,31.3075,-94.9326,1000,acres,
EONET_18353,"Rx Anderson 1713 Prescribed Fire, Anderson, Texas",Wildfires,IRWIN,2026-02-27T08:09:00Z,31.971722,-95.880324,581,acres,
EONET_18354,"Rx Lamar 1874 Prescribed Fire, Lamar, Texas",Wildfires,IRWIN,2026-02-27T08:09:00Z,33.80583333,-95.70222222,700,acres,
EONET_18355,"Rx Morris 1706 Prescribed Fire, Morris, Texas",Wildfires,IRWIN,2026-02-27T08:09:00Z,33.27277778,-94.70361111,500,acres,
EONET_18344,"RX CALV BU 102-105 Prescribed Fire, Vernon, Louisiana",Wildfires,IRWIN,2026-02-27T08:03:00Z,30.987783,-93.16275,1737,acres,
EONET_18310,"Rehder Creek Wildfire, Musselshell, Montana",Wildfires,IRWIN,2026-02-26T17:33:00Z,46.30904,-108.43738,5060,acres,
EONET_18572,"Brooklyn Divide RX Prescribed Fire, Jefferson, Montana",Wildfires,IRWIN,2026-02-26T12:53:00Z,46.497328,-112.098152,700,acres,
EONET_18364,"RX Bomag Bell Springs Prescribed Fire, Logan, Arkansas",Wildfires,IRWIN,2026-02-26T10:19:00Z,35.232383,-93.4717,706,acres,
EONET_18358,"RX PCS Sugar Creek 3 Prescribed Fire, Scott, Arkansas",Wildfires,IRWIN,2026-02-26T09:37:00Z,35.007356,-93.830645,1464,acres,
EONET_18154,"HORSE HEAD Wildfire, Okfuskee, Oklahoma",Wildfires,IRWIN,2026-02-26T09:34:00Z,35.308056,-96.116667,535,acres,
EONET_18357,"RX PCS McConnell 2 and 3 Prescribed Fire, Scott, Arkansas",Wildfires,IRWIN,2026-02-26T09:30:00Z,34.71777,-94.05651,1040,acres,
EONET_18365,"RX White Oak East Prescribed Fire, Pope, Arkansas",Wildfires,IRWIN,2026-02-26T09:19:00Z,35.453047,-92.875139,1000,acres,
EONET_18367,"RX CALE BU 374 Prescribed Fire, Rapides, Louisiana",Wildfires,IRWIN,2026-02-26T09:15:00Z,31.108,-92.588,1159,acres,
EONET_18361,"RX Gobbler&#039;s Knob Prescribed Fire, Newton, Arkansas",Wildfires,IRWIN,2026-02-26T09:12:00Z,35.736428,-93.362228,1131,acres,
EONET_18363,"RX Whiskey Springs 2 Prescribed Fire, Crawford, Arkansas",Wildfires,IRWIN,2026-02-26T08:52:00Z,35.7273,-94.3199,1100,acres,
EONET_18360,"RX Hog Jaw 3 8 10 11 13 Mt Ida 3 Prescribed Fire, Montgomery, Arkansas",Wildfires,IRWIN,2026-02-26T08:47:00Z,34.588333,-93.725833,3618,acres,
EONET_18149,"RX Cedar East Prescribed Fire, Johnson, Arkansas",Wildfires,IRWIN,2026-02-26T08:30:00Z,35.671811,-93.325531,1861,acres,
EONET_18356,"RX FY26 BUFF Lower Wilderness BIL Prescribed Fire, Marion, Arkansas",Wildfires,IRWIN,2026-02-26T08:16:00Z,36.136111,-92.468611,3000,acres,
EONET_18362,"RX Buffalo 1856/57 Prescribed Fire, McCurtain, Oklahoma",Wildfires,IRWIN,2026-02-26T08:09:00Z,34.3986,-94.67,1488,acres,
EONET_18366,"RX Thorpe Mountain Prescribed Fire, Montgomery, Arkansas",Wildfires,IRWIN,2026-02-26T08:05:00Z,34.723889,-93.584722,3101,acres,
EONET_18145,"Turkey Creek Wildfire, Creek, Oklahoma",Wildfires,IRWIN,2026-02-25T20:11:00Z,35.7958333,-96.2105556,733,acres,
EONET_18151,"Kataja Wildfire, Perry, Mississippi",Wildfires,IRWIN,2026-02-25T19:37:00Z,31.124167,-89.0786,600,acres,
EONET_18155,"CRAWFORD Wildfire, Osage, Oklahoma",Wildfires,IRWIN,2026-02-25T16:28:00Z,36.39913,-96.34903,700,acres,
EONET_18359,"Hancock - Texas Flat Rd/607 Wildfire, Hancock, Mississippi",Wildfires,IRWIN,2026-02-25T16:02:00Z,30.4469444,-89.6483333,540,acres,
EONET_18175,"RX KENWOOD 38 Prescribed Fire, Delaware, Oklahoma",Wildfires,IRWIN,2026-02-25T11:47:00Z,36.318541,-94.815864,1770,acres,
EONET_18162,"Wolf Mountain RX Prescribed Fire, Ripley, Missouri",Wildfires,IRWIN,2026-02-25T10:57:00Z,36.644533,-91.107667,1343,acres,
EONET_18348,"IDBR - COLSP F1 RX Prescribed Fire, Lake, Illinois",Wildfires,IRWIN,2026-02-25T10:22:00Z,42.451297,-88.186847,538,acres,
EONET_18158,"Box Springs Road Wildfire, Pushmataha, Oklahoma",Wildfires,IRWIN,2026-02-25T09:45:00Z,34.6688889,-95.22,905,acres,
EONET_18176,"Handy RX Prescribed Fire, Ripley, Missouri",Wildfires,IRWIN,2026-02-25T09:29:00Z,36.797648,-91.096444,1933,acres,
EONET_18156,"RX Gobbler&#039;s Knob Blackline Prescribed Fire, Newton, Arkansas",Wildfires,IRWIN,2026-02-25T09:26:00Z,35.733333,-93.35,1000,acres,
EONET_18322,"Compartment 25 RX Prescribed Fire, Bibb, Alabama",Wildfires,IRWIN,2026-02-25T08:58:00Z,32.970162,-87.363315,1102,acres,
EONET_18321,"Talladega Mtn RX Prescribed Fire, Talladega, Alabama",Wildfires,IRWIN,2026-02-25T08:56:00Z,33.33258,-86.01308,1397,acres,
EONET_18160,"RX PCS Holly Mountain North Prescribed Fire, Scott, Arkansas",Wildfires,IRWIN,2026-02-25T08:49:00Z,34.827324,-93.832312,621,acres,
EONET_18169,"Compartment 50 RX Prescribed Fire, Bibb, Alabama",Wildfires,IRWIN,2026-02-25T08:49:00Z,32.911717,-87.405038,1005,acres,
EONET_18163,"RX PCS Key Mountain West Prescribed Fire, Scott, Arkansas",Wildfires,IRWIN,2026-02-25T08:48:00Z,34.769488,-94.105611,900,acres,
EONET_18164,"RX John Turner Prescribed Fire, Franklin, Arkansas",Wildfires,IRWIN,2026-02-25T08:31:00Z,35.683,-93.862,2827,acres,
EONET_18165,"RX Crystal Mountain Prescribed Fire, Garland, Arkansas",Wildfires,IRWIN,2026-02-25T08:26:00Z,34.536389,-93.391944,2002,acres,
EONET_18179,"Compartment 112 RX Prescribed Fire, Jasper, Georgia",Wildfires,IRWIN,2026-02-25T08:13:00Z,33.2019,-83.73645,1020,acres,
EONET_18166,"RX BEAR CREEK Prescribed Fire, McCurtain, Oklahoma",Wildfires,IRWIN,2026-02-25T08:12:00Z,34.267463,-94.7796,863,acres,
EONET_18168,"29B/29C RX Prescribed Fire, Jones, Georgia",Wildfires,IRWIN,2026-02-25T08:08:00Z,33.0255,-83.6737,734,acres,
EONET_18171,"RX Cedar Fork Prescribed Fire, Scott, Arkansas",Wildfires,IRWIN,2026-02-25T08:06:00Z,34.7575,-93.839722,1884,acres,
EONET_18172,"RX Avant 4 5 6 Prescribed Fire, Garland, Arkansas",Wildfires,IRWIN,2026-02-25T08:06:00Z,34.615,-93.346278,1364,acres,
EONET_18178,"RX Lapile Crk South/Shallow Lake Prescribed Fire, Union, Arkansas",Wildfires,IRWIN,2026-02-25T08:02:00Z,33.1189,-92.1868,600,acres,
EONET_18170,"RX Redbank Units 1 2 3 Prescribed Fire, Montgomery, Arkansas",Wildfires,IRWIN,2026-02-25T07:59:00Z,34.708917,-93.397389,1259,acres,
EONET_18161,"Upton Road Wildfire, Texas, Missouri",Wildfires,IRWIN,2026-02-24T18:04:00Z,37.374833,-92.1983,550,acres,
EONET_18147,"Nebo Mountain Wildfire, Gillespie, Texas",Wildfires,IRWIN,2026-02-24T18:03:00Z,30.440144,-98.746777,1160,acres,
EONET_18157,"Willard Wildfire, Dallam, Texas",Wildfires,IRWIN,2026-02-24T17:34:00Z,36.29863,-102.24182,540,acres,
EONET_18153,"ALABAMA CREEK Wildfire, Okfuskee, Oklahoma",Wildfires,IRWIN,2026-02-24T16:07:00Z,35.375278,-96.207222,739,acres,
EONET_18146,"Cypress Creek Wildfire, Angelina, Texas",Wildfires,IRWIN,2026-02-24T14:16:00Z,31.0586,-94.3567,1330,acres,
EONET_18182,"RX Pilot Knob Prescribed Fire, Montgomery, Arkansas",Wildfires,IRWIN,2026-02-24T10:16:00Z,34.725556,-93.725278,1190,acres,
EONET_18177,"RX Optimus South Prescribed Fire, Stone, Arkansas",Wildfires,IRWIN,2026-02-24T09:36:00Z,36.035861,-92.072583,1017,acres,
EONET_18181,"RX PCS Kingdoodle Prescribed Fire, Scott, Arkansas",Wildfires,IRWIN,2026-02-24T09:34:00Z,34.959516,-93.847919,2997,acres,
EONET_18187,"RX FY26 North River Road  BIL Prescribed Fire, Newton, Arkansas",Wildfires,IRWIN,2026-02-24T09:26:00Z,36.059167,-93.163889,700,acres,
EONET_18174,"IDNR - Cache RIver SNA RX Prescribed Fire, Johnson, Illinois",Wildfires,IRWIN,2026-02-24T09:25:00Z,37.336,-88.941,2000,acres,
EONET_18180,"RX Little Fir 16 Prescribed Fire, Montgomery, Arkansas",Wildfires,IRWIN,2026-02-24T09:03:00Z,34.611389,-93.451667,1961,acres,
EONET_18186,"19S/20N RX Prescribed Fire, Jones, Georgia",Wildfires,IRWIN,2026-02-24T08:21:00Z,33.0759,-83.73,633,acres,
EONET_18183,"Compartment 23/24 RX Prescribed Fire, Hale, Alabama",Wildfires,IRWIN,2026-02-24T07:57:00Z,32.965332,-87.435335,3122,acres,
EONET_18173,"Savage Highway Wildfire, Pittsburg, Oklahoma",Wildfires,IRWIN,2026-02-23T22:10:00Z,34.7519444,-95.58,1405,acres,
EONET_18167,"Boggy Wilderness Wildfire, Houston, Texas",Wildfires,IRWIN,2026-02-23T17:35:00Z,31.510818,-95.111848,515,acres,
EONET_18584,"ZULU RX Prescribed Fire, Cochise, Arizona",Wildfires,IRWIN,2026-02-23T16:18:00Z,31.633333,-110.216667,1874,acres,
EONET_18085,"Holmes Chapel RX Prescribed Fire, Winston, Alabama",Wildfires,IRWIN,2026-02-23T09:55:00Z,34.269135,-87.266682,794,acres,
EONET_18084,"Brushy Lake RX Prescribed Fire, Winston, Alabama",Wildfires,IRWIN,2026-02-23T09:53:00Z,34.289173,-87.266349,745,acres,
EONET_18070,"RX PCS Sugar Creek 4 and 5 Prescribed Fire, Scott, Arkansas",Wildfires,IRWIN,2026-02-23T09:36:00Z,34.982759,-93.829095,2481,acres,
EONET_18087,"Compartment 13B RX Prescribed Fire, Bibb, Alabama",Wildfires,IRWIN,2026-02-23T09:13:00Z,32.98844,-87.352546,1402,acres,
EONET_18188,"Compartment 01/02/03 RX Prescribed Fire, Tuscaloosa, Alabama",Wildfires,IRWIN,2026-02-23T09:12:00Z,33.017849,-87.451253,2300,acres,
EONET_18081,"RX Little Fir 7 Prescribed Fire, Montgomery, Arkansas",Wildfires,IRWIN,2026-02-23T08:31:00Z,34.571389,-93.530278,747,acres,
EONET_18078,"RX Vanderslice Unit 1 2 3 4 Prescribed Fire, Montgomery, Arkansas",Wildfires,IRWIN,2026-02-23T08:19:00Z,34.652972,-93.47575,2936,acres,
EONET_18076,"RX Posey Hollow Prescribed Fire, Polk, Arkansas",Wildfires,IRWIN,2026-02-23T08:12:00Z,34.660556,-93.965833,693,acres,
EONET_18083,"RX South Fouche Cove Unit 2 Prescribed Fire, Perry, Arkansas",Wildfires,IRWIN,2026-02-23T08:07:00Z,34.924972,-93.103583,1682,acres,
EONET_18074,"RX North Blue Prescribed Fire, Le Flore, Oklahoma",Wildfires,IRWIN,2026-02-23T08:06:00Z,34.841983,-94.846833,3099,acres,
EONET_18069,"National Wildfire, Collier, Florida",Wildfires,IRWIN,2026-02-23T07:14:00Z,26.11905,-81.336917,10252,acres,
EONET_18075,"Hwy. 301 Wildfire, Charlton, Georgia",Wildfires,IRWIN,2026-02-22T20:32:00Z,30.8805556,-82.0136111,697,acres,
EONET_18695,"RCK 04/05 RX Prescribed Fire, Escambia, Alabama",Wildfires,IRWIN,2026-02-22T19:19:00Z,31.026977,-86.810544,2073,acres,
EONET_18152,"Pine Hollow RX Prescribed Fire, Barry, Missouri",Wildfires,IRWIN,2026-02-22T18:12:00Z,36.545667,-93.827667,4052,acres,
EONET_18072,"Range 6 Wildfire, Perry, Mississippi",Wildfires,IRWIN,2026-02-22T15:35:00Z,31.090807,-89.061656,2160,acres,
EONET_18101,"Rx Newton 1414 Prescribed Fire, Newton, Texas",Wildfires,IRWIN,2026-02-22T10:29:00Z,31.121,-93.7729,561,acres,
EONET_18089,"RX OK-SLR F&amp;G Prescribed Fire, Alfalfa, Oklahoma",Wildfires,IRWIN,2026-02-22T09:57:00Z,36.772965,-98.176574,528,acres,
EONET_18088,"RX PCS Johnson Creek Prescribed Fire, Scott, Arkansas",Wildfires,IRWIN,2026-02-22T09:33:00Z,34.700015,-94.168021,3344,acres,
EONET_18091,"RX Birmingham Prescribed Fire, Baxter, Arkansas",Wildfires,IRWIN,2026-02-22T09:17:00Z,36.08075,-92.37075,3961,acres,
EONET_18090,"Wolf Creek RX Prescribed Fire, Alexander, Illinois",Wildfires,IRWIN,2026-02-22T09:06:00Z,37.204816,-89.350101,1520,acres,
EONET_18094,"RX Avant 3 and 7 Prescribed Fire, Garland, Arkansas",Wildfires,IRWIN,2026-02-22T08:24:00Z,34.630167,-93.342783,657,acres,
EONET_18092,"ROCKY (49) Wildfire, Osceola, Florida",Wildfires,IRWIN,2026-02-21T23:40:00Z,28.0908333,-81.1619444,750,acres,
EONET_18103,"Greene - Hwy 57 Wildfire, Greene, Mississippi",Wildfires,IRWIN,2026-02-21T21:22:00Z,31.2977778,-88.4905556,555,acres,
EONET_18104,"RX DFR LEDOUX WEST Prescribed Fire, Okmulgee, Oklahoma",Wildfires,IRWIN,2026-02-21T09:45:00Z,35.584754,-96.001897,585,acres,
EONET_18098,"Big Barren Smith RX Prescribed Fire, Carter, Missouri",Wildfires,IRWIN,2026-02-21T09:19:00Z,36.883271,-91.204848,1259,acres,
EONET_18102,"DCNF C 48/49/50 RX Prescribed Fire, Houston, Texas",Wildfires,IRWIN,2026-02-21T09:18:00Z,31.378585,-95.09872,3061,acres,
EONET_18106,"RX No Mans Land North and South Prescribed Fire, Montgomery, Arkansas",Wildfires,IRWIN,2026-02-21T08:16:00Z,34.424722,-93.864444,8259,acres,
EONET_18109,"RX Avant 2 Prescribed Fire, Garland, Arkansas",Wildfires,IRWIN,2026-02-21T08:03:00Z,34.633639,-93.363667,1171,acres,
EONET_18108,"RX South Fouche Cove Unit 3 Prescribed Fire, Perry, Arkansas",Wildfires,IRWIN,2026-02-21T07:58:00Z,34.933417,-93.100028,1971,acres,
EONET_18099,"Flatwoods RX Prescribed Fire, Washington, Missouri",Wildfires,IRWIN,2026-02-20T16:58:00Z,37.928648,-90.949829,774,acres,
EONET_18097,"Bunker West RX Prescribed Fire, Dent, Missouri",Wildfires,IRWIN,2026-02-20T16:56:00Z,37.441783,-91.239783,735,acres,
EONET_18113,"RX PCS North White Oak 4 Prescribed Fire, Scott, Arkansas",Wildfires,IRWIN,2026-02-20T10:24:00Z,35.001844,-93.869617,811,acres,
EONET_18112,"RX PCS Henry Mountain 1 Prescribed Fire, Scott, Arkansas",Wildfires,IRWIN,2026-02-20T10:16:00Z,34.82457,-94.231248,1063,acres,
EONET_18568,"DCNF C-56 RX Prescribed Fire, Houston, Texas",Wildfires,IRWIN,2026-02-20T10:06:00Z,31.384045,-95.037088,1805,acres,
EONET_18111,"RX GREENHAW Prescribed Fire, Newton, Arkansas",Wildfires,IRWIN,2026-02-20T09:56:00Z,35.791717,-93.0302,669,acres,
EONET_18118,"RX LSF 13 North Prescribed Fire, Montgomery, Arkansas",Wildfires,IRWIN,2026-02-20T09:52:00Z,34.521667,-93.547778,643,acres,
EONET_18117,"RX Huckleberry Flats Prescribed Fire, Logan, Arkansas",Wildfires,IRWIN,2026-02-20T09:51:00Z,35.169,-93.7065,1991,acres,
EONET_18116,"Pineknot North RX Prescribed Fire, Carter, Missouri",Wildfires,IRWIN,2026-02-20T09:17:00Z,36.9066,-91.1278,2786,acres,
EONET_18115,"RX Cartwright Prescribed Fire, Stone, Arkansas",Wildfires,IRWIN,2026-02-20T09:15:00Z,36,-92.11,1877,acres,
EONET_18120,"RX AVANT 1 Prescribed Fire, Garland, Arkansas",Wildfires,IRWIN,2026-02-20T08:39:00Z,34.641383,-93.3748,557,acres,
EONET_18110,"RX Wildhorse Prescribed Fire, Le Flore, Oklahoma",Wildfires,IRWIN,2026-02-20T08:34:00Z,34.7939,-94.7656,682,acres,
EONET_18119,"RX Blackfork Bravo Prescribed Fire, Scott, Arkansas",Wildfires,IRWIN,2026-02-20T08:28:00Z,34.759167,-94.311944,4328,acres,
EONET_18114,"PIne Hills RX Prescribed Fire, Union, Illinois",Wildfires,IRWIN,2026-02-20T08:22:00Z,37.566,-89.438,597,acres,
EONET_18073,"Poor Farm Wildfire, Pittsburg, Oklahoma",Wildfires,IRWIN,2026-02-19T19:56:00Z,34.7480556,-95.5269444,9565,acres,
EONET_18071,"Tiger Tank Wildfire, Perry, Mississippi",Wildfires,IRWIN,2026-02-19T18:40:00Z,31.09401,-89.140899,1800,acres,
EONET_18082,"Slab RX Prescribed Fire, Texas, Missouri",Wildfires,IRWIN,2026-02-19T16:14:00Z,37.551667,-92.005,659,acres,
EONET_18100,"Morning Wildfire, Beaver, Oklahoma",Wildfires,IRWIN,2026-02-19T11:27:00Z,36.6975,-100.8355556,820,acres,
EONET_18123,"RX PCS Shamshire 1 Prescribed Fire, Scott, Arkansas",Wildfires,IRWIN,2026-02-19T11:06:00Z,34.747884,-94.151752,1209,acres,
EONET_18567,"DCNF C-4 RX Prescribed Fire, Houston, Texas",Wildfires,IRWIN,2026-02-19T10:14:00Z,31.49908,-95.288702,687,acres,
EONET_18124,"DCNF C-1 East RX Prescribed Fire, Houston, Texas",Wildfires,IRWIN,2026-02-19T09:53:00Z,31.47275,-95.342861,760,acres,
EONET_17974,"SHNF C-92 RX Prescribed Fire, San Jacinto, Texas",Wildfires,IRWIN,2026-02-19T09:08:00Z,30.5323,-95.130367,1705,acres,
EONET_18539,"Homochitto BB56sub12 RX Prescribed Fire, Franklin, Mississippi",Wildfires,IRWIN,2026-02-19T09:06:00Z,31.489,-90.967,882,acres,
EONET_18093,"RX Little Fir 12 Prescribed Fire, Montgomery, Arkansas",Wildfires,IRWIN,2026-02-19T08:36:00Z,34.611111,-93.491944,1779,acres,
EONET_18525,"Wade 2 RX Prescribed Fire, Talladega, Alabama",Wildfires,IRWIN,2026-02-19T08:30:00Z,33.505,-85.884167,739,acres,
EONET_18121,"RX Big Branch Prescribed Fire, Montgomery, Arkansas",Wildfires,IRWIN,2026-02-19T08:28:00Z,34.627778,-93.573611,1130,acres,
EONET_18589,"Sweetwater B&amp;C RX Prescribed Fire, Cleburne, Alabama",Wildfires,IRWIN,2026-02-19T08:21:00Z,33.740833,-85.5925,1074,acres,
EONET_18086,"Drowning Creek Wildfire, Delaware, Oklahoma",Wildfires,IRWIN,2026-02-18T21:52:00Z,36.4488889,-94.8433333,536,acres,
EONET_17985,"Miller Creek 08 RX Prescribed Fire, Escambia, Alabama",Wildfires,IRWIN,2026-02-18T18:07:00Z,31.075666,-86.742073,795,acres,
EONET_17983,"Compartment 126 RX Prescribed Fire, Jones, Georgia",Wildfires,IRWIN,2026-02-18T15:27:00Z,33.1503,-83.530183,1071,acres,
EONET_17981,"EAST TOWER Wildfire, Osage, Oklahoma",Wildfires,IRWIN,2026-02-18T13:03:00Z,36.770772,-96.135252,665,acres,
EONET_17993,"RX WILEY Prescribed Fire, Conway, Arkansas",Wildfires,IRWIN,2026-02-18T10:21:00Z,35.27,-92.5122,1208,acres,
EONET_17975,"DCNF C-1 RX Prescribed Fire, Houston, Texas",Wildfires,IRWIN,2026-02-18T10:12:00Z,31.47275,-95.342861,629,acres,
EONET_17992,"DeSoto BB 8359 C610 RX Prescribed Fire, Stone, Mississippi",Wildfires,IRWIN,2026-02-18T10:04:00Z,30.68835,-89.231267,965,acres,
EONET_17979,"ANF Monterey C-53 RX Prescribed Fire, Angelina, Texas",Wildfires,IRWIN,2026-02-18T09:42:00Z,31.20405,-94.405467,976,acres,
EONET_17999,"Rx Archer 1380 Prescribed Fire, Archer, Texas",Wildfires,IRWIN,2026-02-18T09:39:00Z,33.44498,-98.526914,676,acres,
EONET_17976,"SNF Mclemore Hills RX 106/107/108/109 Prescribed Fire, Sabine, Texas",Wildfires,IRWIN,2026-02-18T09:34:00Z,31.259533,-93.761467,668,acres,
EONET_17990,"Big Muddy RX Prescribed Fire, Jackson, Illinois",Wildfires,IRWIN,2026-02-18T09:30:00Z,37.6449,-89.4351,2050,acres,
EONET_18184,"Pete White RX Prescribed Fire, Clay, Alabama",Wildfires,IRWIN,2026-02-18T09:18:00Z,33.245,-86.071944,1277,acres,
EONET_17995,"RX KIS BU 55 Prescribed Fire, Natchitoches, Louisiana",Wildfires,IRWIN,2026-02-18T09:16:00Z,31.430717,-93.136617,1055,acres,
EONET_17994,"RX CAT BU 63-64 Prescribed Fire, Grant, Louisiana",Wildfires,IRWIN,2026-02-18T09:15:00Z,31.548951,-92.582292,1389,acres,
EONET_17977,"SHNF C-1/2/3/4 RX Prescribed Fire, Walker, Texas",Wildfires,IRWIN,2026-02-18T09:00:00Z,30.591333,-95.7345,2860,acres,
EONET_18096,"Carman Springs RX S2 Prescribed Fire, Howell, Missouri",Wildfires,IRWIN,2026-02-18T08:58:00Z,36.9085,-92.057,1322,acres,
EONET_18319,"Raven Rock D&amp;E RX Prescribed Fire, Cleburne, Alabama",Wildfires,IRWIN,2026-02-18T08:57:00Z,33.807167,-85.506833,745,acres,
EONET_18548,"RX Cap Fork Prescribed Fire, Stone, Arkansas",Wildfires,IRWIN,2026-02-18T08:55:00Z,36.02,-92.2,2139,acres,
EONET_17991,"RX CALV BU 121 Prescribed Fire, Vernon, Louisiana",Wildfires,IRWIN,2026-02-18T08:52:00Z,31.010417,-93.057167,1565,acres,
EONET_17998,"Rock Pile RX Prescribed Fire, Howell, Missouri",Wildfires,IRWIN,2026-02-18T08:41:00Z,36.904333,-92.026333,2630,acres,
EONET_18122,"IDNR - Siloam Springs State Park RX Prescribed Fire, Adams, Illinois",Wildfires,IRWIN,2026-02-18T08:36:00Z,39.8935,-90.9399,1300,acres,
EONET_18001,"Compartment 158 RX Prescribed Fire, Putnam, Georgia",Wildfires,IRWIN,2026-02-18T08:05:00Z,33.333,-83.474,773,acres,
EONET_18000,"C-225 LC RX Prescribed Fire, McCormick, South Carolina",Wildfires,IRWIN,2026-02-18T07:26:00Z,34.021889,-82.351211,567,acres,
EONET_17988,"Stevens Wildfire, Texas, Oklahoma",Wildfires,IRWIN,2026-02-17T23:27:00Z,36.9188889,-101.31,12894,acres,
EONET_17978,"Smith Wildfire, Harding, New Mexico",Wildfires,IRWIN,2026-02-17T19:31:00Z,35.796667,-103.887294,3797,acres,
EONET_17987,"Side Road Wildfire, Texas, Oklahoma",Wildfires,IRWIN,2026-02-17T18:56:00Z,36.9219444,-101.1269444,3680,acres,
EONET_18002,"LEVY Wildfire, Osceola, Florida",Wildfires,IRWIN,2026-02-17T17:57:00Z,28.0833333,-81.3416667,1300,acres,
EONET_17986,"43 Wildfire, Woodward, Oklahoma",Wildfires,IRWIN,2026-02-17T17:21:00Z,36.4219444,-99.4369444,2159,acres,
EONET_17980,"Lavender Wildfire, Oldham, Texas",Wildfires,IRWIN,2026-02-17T17:18:00Z,35.4217811,-102.2734346,12000,acres,
EONET_18004,"Well Woman Comp 21 &amp; 31 RX Prescribed Fire, Winston, Alabama",Wildfires,IRWIN,2026-02-17T17:07:00Z,34.269135,-87.266682,684,acres,
EONET_17989,"Ranger Road Wildfire, Beaver, Oklahoma",Wildfires,IRWIN,2026-02-17T13:40:00Z,36.8108333,-100.5038889,283283,acres,
EONET_18008,"RX Kleberg 1375 Prescribed Fire, Kleberg, Texas",Wildfires,IRWIN,2026-02-17T12:43:00Z,27.34778549,-97.60233308,904,acres,
EONET_18003,"DeSoto BB 9370 C506 W RX Prescribed Fire, Jackson, Mississippi",Wildfires,IRWIN,2026-02-17T10:18:00Z,30.698133,-88.86195,805,acres,
EONET_17984,"Miller Creek 06/08 RX Prescribed Fire, Escambia, Alabama",Wildfires,IRWIN,2026-02-17T09:58:00Z,31.075666,-86.742073,795,acres,
EONET_18006,"RX CALE BU 17 Prescribed Fire, Rapides, Louisiana",Wildfires,IRWIN,2026-02-17T09:17:00Z,31.246967,-92.62855,993,acres,
EONET_18005,"RX KIS BU 50 Prescribed Fire, Natchitoches, Louisiana",Wildfires,IRWIN,2026-02-17T08:53:00Z,31.451217,-93.0008,1886,acres,
EONET_18007,"Mann Camp C/D RX Prescribed Fire, Clay, Alabama",Wildfires,IRWIN,2026-02-17T08:20:00Z,33.390278,-85.925,1142,acres,
EONET_17893,"Compartment 139 RX Prescribed Fire, Jasper, Georgia",Wildfires,IRWIN,2026-02-16T15:50:00Z,33.198357,-83.545453,1073,acres,
EONET_17894,"Rx Anderson 1274 Prescribed Fire, Anderson, Texas",Wildfires,IRWIN,2026-02-16T14:35:00Z,31.9688,-95.6354,500,acres,
EONET_17895,"RX Brown 1269 Prescribed Fire, Brown, Texas",Wildfires,IRWIN,2026-02-16T14:18:00Z,31.62638889,-98.95305556,1350,acres,
EONET_17896,"Rx Throckmorton 1228 Prescribed Fire, Throckmorton, Texas",Wildfires,IRWIN,2026-02-16T14:17:00Z,33.21483,-99.10124,708,acres,
EONET_17897,"RIVER RANCH- Polk (53) Wildfire, Polk, Florida",Wildfires,IRWIN,2026-02-15T23:26:00Z,27.7991667,-81.3183333,800,acres,
EONET_17898,"State Road 11 (18) Wildfire, Flagler, Florida",Wildfires,IRWIN,2026-02-15T23:15:00Z,29.405,-81.3225,500,acres,
EONET_18018,"Hickory-Rush RX Prescribed Fire, Winston, Alabama",Wildfires,IRWIN,2026-02-14T10:37:00Z,34.281639,-87.229556,836,acres,
EONET_17901,"FIRST POINT Wildfire, Okeechobee, Florida",Wildfires,IRWIN,2026-02-13T15:07:00Z,27.0969444,-80.8683333,8612,acres,
EONET_17907,"Rx San Jacinto 1175 Prescribed Fire, San Jacinto, Texas",Wildfires,IRWIN,2026-02-13T12:15:00Z,30.76638889,-95.27888889,776.4,acres,
EONET_17903,"Compartment 32/44 RX Prescribed Fire, Bibb, Alabama",Wildfires,IRWIN,2026-02-13T08:56:00Z,32.946253,-87.397756,1954,acres,
EONET_17902,"Compartment 42 RX Prescribed Fire, Hale, Alabama",Wildfires,IRWIN,2026-02-13T08:49:00Z,32.920492,-87.433916,1458,acres,
EONET_18017,"Big John RX Prescribed Fire, Talladega, Alabama",Wildfires,IRWIN,2026-02-13T08:33:00Z,33.156667,-86.176111,523,acres,
EONET_17904,"RX Cedar Creek Blackline Prescribed Fire, Johnson, Arkansas",Wildfires,IRWIN,2026-02-13T08:24:00Z,35.692514,-93.317111,742,acres,
EONET_17900,"Big Oak A RX Prescribed Fire, Cleburne, Alabama",Wildfires,IRWIN,2026-02-13T08:21:00Z,33.766667,-85.541667,945,acres,
EONET_18592,Iceberg D15C,Sea and Lake Ice,NATICE,2026-02-13T00:00:00Z,-66.84,81.05,56.17,NM^2,
EONET_17908,"Indian Creek Wildfire, Adair, Oklahoma",Wildfires,IRWIN,2026-02-12T18:00:00Z,35.6644444,-94.5127778,798,acres,
EONET_17899,"Foster Bridge Wildfire, Liberty, Florida",Wildfires,IRWIN,2026-02-12T15:10:00Z,30.259444,-84.9725,675,acres,
EONET_17841,"Rx Polk 1121 Prescribed Fire, Polk, Texas",Wildfires,IRWIN,2026-02-12T10:35:00Z,30.87547,-95.10661,500,acres,
EONET_17842,"Rx Polk 1087 Prescribed Fire, Polk, Texas",Wildfires,IRWIN,2026-02-12T10:32:00Z,30.8624,-95.04583,500,acres,
EONET_17910,"Rx North Blue Prescribed Fire, Le Flore, Oklahoma",Wildfires,IRWIN,2026-02-12T10:17:00Z,34.841983,-94.918017,1000,acres,
EONET_17844,"RX Throckmorton 1127 Prescribed Fire, Throckmorton, Texas",Wildfires,IRWIN,2026-02-12T10:07:00Z,33.32525715,-99.11569854,1379,acres,
EONET_17909,"RX Merrill Ridge Prescribed Fire, Baxter, Arkansas",Wildfires,IRWIN,2026-02-12T10:00:00Z,36.0622,-92.2889,1932,acres,
EONET_17911,"RX BO/MAG Osby 3 Prescribed Fire, Logan, Arkansas",Wildfires,IRWIN,2026-02-12T09:47:00Z,35.1746,-93.4994,518,acres,
EONET_17915,"Comp 11/12 RX Prescribed Fire, Bibb, Alabama",Wildfires,IRWIN,2026-02-12T09:37:00Z,32.985688,-87.312004,2288,acres,
EONET_17917,"Comp 41 RX Prescribed Fire, Hale, Alabama",Wildfires,IRWIN,2026-02-12T09:37:00Z,32.976389,-87.4458,719,acres,
EONET_17914,"Bunn RX Prescribed Fire, Clay, Alabama",Wildfires,IRWIN,2026-02-12T08:50:00Z,33.443056,-85.8675,2446,acres,
EONET_17846,"Berryman CCC Blocks B C RX Prescribed Fire, Washington, Missouri",Wildfires,IRWIN,2026-02-12T08:41:00Z,37.9455,-91.0577,1259,acres,
EONET_17916,"RX Blackfork 21 Prescribed Fire, Scott, Arkansas",Wildfires,IRWIN,2026-02-12T08:26:00Z,34.742778,-94.4,1649,acres,
EONET_17913,"RX Black Mountain Prescribed Fire, Franklin, Arkansas",Wildfires,IRWIN,2026-02-12T08:19:00Z,35.672,-93.89,564,acres,
EONET_17853,"640 Wildfire, Polk, Florida",Wildfires,IRWIN,2026-02-11T17:20:00Z,27.8333333,-81.8788889,1216,acres,
EONET_17850,"Flat Tire Wildfire, Beaver, Oklahoma",Wildfires,IRWIN,2026-02-11T16:39:00Z,36.8444444,-100.8380556,1983,acres,
EONET_17855,"Rx Polk 1040 Prescribed Fire, Polk, Texas",Wildfires,IRWIN,2026-02-11T16:24:00Z,30.87071,-94.99761,500,acres,
EONET_17851,"W BOUNDARY RD Wildfire, Hendry, Florida",Wildfires,IRWIN,2026-02-11T15:23:00Z,26.3227778,-81.0991667,2600,acres,
EONET_18016,"500S RX Prescribed Fire, Cleburne, Alabama",Wildfires,IRWIN,2026-02-11T14:44:00Z,33.816667,-85.508333,1230,acres,
EONET_17858,"RX Herrods Creek Hare Mtn Prescribed Fire, Franklin, Arkansas",Wildfires,IRWIN,2026-02-11T10:06:00Z,35.735464,-93.746108,3184,acres,
EONET_17857,"RX Fozzie 2 East Prescribed Fire, Stone, Arkansas",Wildfires,IRWIN,2026-02-11T09:26:00Z,36.0453,-92.15445,520,acres,
EONET_17852,"RX Kincannon 2 Prescribed Fire, Van Buren, Arkansas",Wildfires,IRWIN,2026-02-11T09:14:00Z,35.498369,-92.783083,825,acres,
EONET_17847,"Chute Ridge Unit B RX Prescribed Fire, Barry, Missouri",Wildfires,IRWIN,2026-02-11T09:09:00Z,36.565833,-93.794167,782,acres,
EONET_17848,"Mark Twain RX Prescribed Fire, Taney, Missouri",Wildfires,IRWIN,2026-02-11T09:03:00Z,36.6025,-92.863333,896,acres,
EONET_17854,"RX Ragtown Prescribed Fire, Franklin, Arkansas",Wildfires,IRWIN,2026-02-11T08:46:00Z,35.698,-93.901,1354,acres,
EONET_17856,"Rattlesnake Fire Wildfire, Pittsburg, Oklahoma",Wildfires,IRWIN,2026-02-10T11:11:00Z,35.1380556,-95.4386111,879,acres,
EONET_17892,"Compartment 136 RX Prescribed Fire, Jones, Georgia",Wildfires,IRWIN,2026-02-10T10:58:00Z,33.17575,-83.502417,1230,acres,
EONET_17863,"Leche Wildfire, San Miguel, New Mexico",Wildfires,IRWIN,2026-02-10T10:47:00Z,35.27199,-104.02023,3366,acres,
EONET_18185,"Slick Ford RX Prescribed Fire, Winston, Alabama",Wildfires,IRWIN,2026-02-10T09:57:00Z,34.073833,-87.273667,647,acres,
EONET_17840,"MONARCH Wildfire, Hughes, Oklahoma",Wildfires,IRWIN,2026-02-10T09:49:00Z,35.030833,-96.206389,513,acres,
EONET_17862,"RX Spring Creek 2 Prescribed Fire, Baxter, Arkansas",Wildfires,IRWIN,2026-02-10T09:19:00Z,36.052583,-92.403389,1363,acres,
EONET_17912,"Guntertown RX Prescribed Fire, Clay, Alabama",Wildfires,IRWIN,2026-02-10T09:15:00Z,33.361778,-85.935778,744,acres,
EONET_17859,"Union T Wildfire, Talladega, Alabama",Wildfires,IRWIN,2026-02-10T08:49:00Z,33.379033,-85.98225,632,acres,
EONET_17860,"RX KIS BU 32-33 Prescribed Fire, Natchitoches, Louisiana",Wildfires,IRWIN,2026-02-10T08:22:00Z,31.45065,-93.232767,2799,acres,
EONET_17861,"352 Wildfire, Quay, New Mexico",Wildfires,IRWIN,2026-02-09T15:52:00Z,35.16633,-103.33152,2674,acres,
EONET_17775,"Caney Creek RX Prescribed Fire, Winston, Alabama",Wildfires,IRWIN,2026-02-09T09:46:00Z,34.2614,-87.4077,1058,acres,
EONET_17765,"RX Seed Orchard Prescribed Fire, Montgomery, Arkansas",Wildfires,IRWIN,2026-02-09T09:40:00Z,34.549444,-93.57,691,acres,
EONET_17776,"RX HAY TRAP Prescribed Fire, Pittsburg, Oklahoma",Wildfires,IRWIN,2026-02-09T09:25:00Z,34.6993,-95.685,565,acres,
EONET_17771,"RX CALV BU 109 Prescribed Fire, Vernon, Louisiana",Wildfires,IRWIN,2026-02-09T09:10:00Z,30.995,-93.167,1031,acres,
EONET_17773,"RX CAT BU 58 Prescribed Fire, Grant, Louisiana",Wildfires,IRWIN,2026-02-09T08:54:00Z,31.598904,-92.465403,2004,acres,
EONET_17769,"SNF C-11/13/14 Boles Field NE RX Prescribed Fire, Shelby, Texas",Wildfires,IRWIN,2026-02-09T08:53:00Z,31.776917,-93.970133,2035,acres,
EONET_17777,"RX East Muddy Prescribed Fire, Montgomery, Arkansas",Wildfires,IRWIN,2026-02-09T08:30:00Z,34.736111,-93.616944,568,acres,
EONET_17783,"Bienville CPT 12 RX Prescribed Fire, Scott, Mississippi",Wildfires,IRWIN,2026-02-08T15:04:00Z,32.5053,-89.6126,763,acres,
EONET_17779,"RX CALV BU 114 Prescribed Fire, Vernon, Louisiana",Wildfires,IRWIN,2026-02-08T08:48:00Z,31.00105,-93.118017,1409,acres,
EONET_17905,"Potter Mountain B RX Prescribed Fire, Calhoun, Alabama",Wildfires,IRWIN,2026-02-08T08:39:00Z,33.788611,-85.619444,760,acres,
EONET_17780,"RX CAT BU 31 Prescribed Fire, Grant, Louisiana",Wildfires,IRWIN,2026-02-08T08:32:00Z,31.661012,-92.466435,1525,acres,
EONET_17782,"RX KIS BU 40 Prescribed Fire, Natchitoches, Louisiana",Wildfires,IRWIN,2026-02-08T08:18:00Z,31.435833,-93.069617,1828,acres,
EONET_17781,"RX WINN BU 57 Prescribed Fire, Winn, Louisiana",Wildfires,IRWIN,2026-02-08T08:05:00Z,31.906283,-92.796,1629,acres,
EONET_17774,"Mountain Station Fire Wildfire, Latimer, Oklahoma",Wildfires,IRWIN,2026-02-08T07:24:00Z,34.8591667,-95.4122222,820,acres,
EONET_17764,"Poplar Road Fire Wildfire, Atoka, Oklahoma",Wildfires,IRWIN,2026-02-07T21:39:00Z,34.3811111,-95.9836111,873,acres,
EONET_17763,"BUGGY FIRE- Broward (06) Wildfire, Broward, Florida",Wildfires,IRWIN,2026-02-07T21:01:00Z,26.3225,-80.7569444,4267,acres,
EONET_17784,"RX Kimble 0902 Prescribed Fire, Kimble, Texas",Wildfires,IRWIN,2026-02-07T18:44:00Z,30.590252,-99.759704,605,acres,
EONET_17778,"Rest Area Wildfire, Chambers, Texas",Wildfires,IRWIN,2026-02-07T16:40:00Z,29.819656,-94.613746,680,acres,
EONET_17768,"DCNF C-66/67 RX Prescribed Fire, Houston, Texas",Wildfires,IRWIN,2026-02-07T09:54:00Z,31.28406,-95.220978,2697,acres,
EONET_17785,"RX WINN BU 09 Prescribed Fire, Winn, Louisiana",Wildfires,IRWIN,2026-02-07T09:46:00Z,32.092,-92.8505,1155,acres,
EONET_17790,"RX MCALESTER WATERSHED Prescribed Fire, Pittsburg, Oklahoma",Wildfires,IRWIN,2026-02-07T09:25:00Z,34.9769,-95.7683,820,acres,
EONET_17793,"RX KIS BU 30-31 Prescribed Fire, Natchitoches, Louisiana",Wildfires,IRWIN,2026-02-07T09:09:00Z,31.46855,-93.1975,2986,acres,
EONET_17796,"RX OK-SLR UNIT J Prescribed Fire, Alfalfa, Oklahoma",Wildfires,IRWIN,2026-02-07T09:02:00Z,36.707273,-98.192779,2500,acres,
EONET_17786,"RX CALE BU 372 Prescribed Fire, Rapides, Louisiana",Wildfires,IRWIN,2026-02-07T09:00:00Z,31.13,-92.5668,1640,acres,
EONET_17791,"RX CAT BU 34N Prescribed Fire, Grant, Louisiana",Wildfires,IRWIN,2026-02-07T08:56:00Z,31.691145,-92.438513,1414,acres,
EONET_18015,"Compartment 33/43 RX Prescribed Fire, Bibb, Alabama",Wildfires,IRWIN,2026-02-07T08:50:00Z,32.940117,-87.417117,2517,acres,
EONET_17792,"RX CALE BU 48 Prescribed Fire, Rapides, Louisiana",Wildfires,IRWIN,2026-02-07T08:48:00Z,31.108067,-92.559,2170,acres,
EONET_17794,"Blue Springs West 03 RX Prescribed Fire, Covington, Alabama",Wildfires,IRWIN,2026-02-07T08:33:00Z,31.150885,-86.604308,583,acres,
EONET_17814,"Rx Brazoria 0882 Prescribed Fire, Brazoria, Texas",Wildfires,IRWIN,2026-02-06T12:29:00Z,28.94944444,-95.43611111,650,acres,
EONET_17789,"Compartment 6 RX Prescribed Fire, Tuscaloosa, Alabama",Wildfires,IRWIN,2026-02-06T11:36:00Z,33.012583,-87.375917,2046,acres,
EONET_17803,"Homochitto BB 51 Sub 1 RX Prescribed Fire, Franklin, Mississippi",Wildfires,IRWIN,2026-02-06T11:16:00Z,31.4202,-90.980717,590,acres,
EONET_17795,"DeSoto Silviculture Unit 10 C516 529 530 RX Prescribed Fire, Harrison, Mississippi",Wildfires,IRWIN,2026-02-06T11:04:00Z,30.632483,-88.901833,1726,acres,
EONET_17797,"RX Armstrong Cattails Prescribed Fire, Sequoyah, Oklahoma",Wildfires,IRWIN,2026-02-06T10:40:00Z,35.441667,-94.991389,500,acres,
EONET_17810,"RX CAT BU 6-7 Prescribed Fire, Grant, Louisiana",Wildfires,IRWIN,2026-02-06T10:14:00Z,31.708243,-92.483859,1718,acres,
EONET_17812,"RX CALE BU 58 Prescribed Fire, Rapides, Louisiana",Wildfires,IRWIN,2026-02-06T09:30:00Z,31.1722,-92.6717,606,acres,
EONET_17802,"Chickaswhay CPT 415 416 RX Prescribed Fire, Wayne, Mississippi",Wildfires,IRWIN,2026-02-06T09:29:00Z,31.4693,-88.819,1862,acres,
EONET_17799,"Yellow River South 13 RX Prescribed Fire, Covington, Alabama",Wildfires,IRWIN,2026-02-06T09:04:00Z,31.021,-86.541,529,acres,
EONET_17811,"RX WINN BU 25 Prescribed Fire, Winn, Louisiana",Wildfires,IRWIN,2026-02-06T08:56:00Z,32.061111,-92.867778,1143,acres,
EONET_17813,"RX KIS BU 26-27 Prescribed Fire, Natchitoches, Louisiana",Wildfires,IRWIN,2026-02-06T08:52:00Z,31.4738,-93.075333,2720,acres,
EONET_17806,"DCNF C-54/55 RX Prescribed Fire, Houston, Texas",Wildfires,IRWIN,2026-02-06T08:35:00Z,31.354762,-95.057002,3745,acres,
EONET_18014,"Compartment 38/39 RX Prescribed Fire, Hale, Alabama",Wildfires,IRWIN,2026-02-06T08:20:00Z,32.9175,-87.4792,2225,acres,
EONET_17804,"ANF BU 326/328 Rx 0206 Prescribed Fire, Wakulla, Florida",Wildfires,IRWIN,2026-02-06T07:52:00Z,30.152833,-84.631667,5192,acres,
EONET_18012,"ORV G RX Prescribed Fire, Talladega, Alabama",Wildfires,IRWIN,2026-02-05T14:40:00Z,33.533889,-85.844167,780,acres,
EONET_18013,"Pine Glen A/B/C/D RX Prescribed Fire, Cleburne, Alabama",Wildfires,IRWIN,2026-02-05T14:21:00Z,33.734,-85.601333,1261,acres,
EONET_17772,"Mann Camp A/B RX Prescribed Fire, Clay, Alabama",Wildfires,IRWIN,2026-02-05T14:19:00Z,33.390278,-85.925,1004,acres,
EONET_17788,"Sweetwater A RX Prescribed Fire, Cleburne, Alabama",Wildfires,IRWIN,2026-02-05T14:18:00Z,33.768667,-85.578333,908,acres,
EONET_17787,"West End A/B/C/D RX Prescribed Fire, Calhoun, Alabama",Wildfires,IRWIN,2026-02-05T14:11:00Z,33.826333,-85.62,1500,acres,
EONET_17808,"Wade 1 RX Prescribed Fire, Talladega, Alabama",Wildfires,IRWIN,2026-02-05T14:06:00Z,33.505,-85.884167,668,acres,
EONET_17801,"Desoto Silviculture Unit 10 C516 RX Prescribed Fire, Harrison, Mississippi",Wildfires,IRWIN,2026-02-05T11:00:00Z,30.632483,-88.901833,957,acres,
EONET_17711,"RX Cheyenne Point Prescribed Fire, Custer, Oklahoma",Wildfires,IRWIN,2026-02-05T10:19:00Z,35.5951,-99.27062,543,acres,
EONET_17800,"Homochitto BB42 Sub5 RX Prescribed Fire, Franklin, Mississippi",Wildfires,IRWIN,2026-02-05T09:23:00Z,31.375,-91.064,803,acres,
EONET_17712,"SHNF C-104/107 RX Prescribed Fire, San Jacinto, Texas",Wildfires,IRWIN,2026-02-05T09:21:00Z,30.490783,-95.137283,1947,acres,
EONET_17798,"Open Pond 07/09 RX Prescribed Fire, Covington, Alabama",Wildfires,IRWIN,2026-02-05T08:45:00Z,31.084385,-86.527776,805,acres,
EONET_17845,"Monte Vista Unit 6/14 RX Prescribed Fire, Rio Grande, Colorado",Wildfires,IRWIN,2026-02-04T18:35:00Z,37.486731,-106.128965,844,acres,
EONET_18011,"Compartment 15/16 RX Prescribed Fire, Bibb, Alabama",Wildfires,IRWIN,2026-02-04T17:06:00Z,32.975,-87.408333,2688,acres,
EONET_17717,"ST-1 Alpha Wildfire, Highlands, Florida",Wildfires,IRWIN,2026-02-03T18:21:00Z,27.5925,-81.237778,3047,acres,
EONET_17718,"Pearl River Connie Hariel Rd Wildfire, Pearl River, Mississippi",Wildfires,IRWIN,2026-02-03T17:18:00Z,30.6852778,-89.3847222,600,acres,
EONET_17716,"HORSESHOE CREEK (23) Wildfire, Gulf, Florida",Wildfires,IRWIN,2026-02-02T23:29:00Z,30.05,-85.3877778,650,acres,
EONET_17719,"Burns Lake Wildfire, Clay, Texas",Wildfires,IRWIN,2026-02-02T16:43:00Z,33.48196667,-98.2305,738.4,acres,
EONET_17809,"Adams Gap RX Prescribed Fire, Clay, Alabama",Wildfires,IRWIN,2026-02-02T16:17:00Z,33.4125,-85.883333,1489,acres,
EONET_17720,"Quail 05/08/12 RX Prescribed Fire, Cleburne, Alabama",Wildfires,IRWIN,2026-02-02T16:05:00Z,33.79,-85.556667,633,acres,
EONET_17805,"Blackberry RX Prescribed Fire, Lewis and Clark, Montana",Wildfires,IRWIN,2026-02-02T13:46:00Z,46.709167,-111.722167,950,acres,
EONET_17724,"Chickasawhay CPT 353 355 RX Prescribed Fire, Jones, Mississippi",Wildfires,IRWIN,2026-02-02T11:05:00Z,31.557,-88.9697,1366,acres,
EONET_17725,"DeSoto Silviculture Unit 07 C517 RX Prescribed Fire, Harrison, Mississippi",Wildfires,IRWIN,2026-02-02T10:55:00Z,30.628983,-88.891783,691,acres,
EONET_17662,"Straw Riddle RX Prescribed Fire, Winston, Alabama",Wildfires,IRWIN,2026-02-02T10:31:00Z,34.270908,-87.38604,2536,acres,
EONET_17728,"RX CAT BU 11-12 Prescribed Fire, Grant, Louisiana",Wildfires,IRWIN,2026-02-02T10:12:00Z,31.726,-92.542757,2480,acres,
EONET_18010,"Blue Cut RX Prescribed Fire, Winston, Alabama",Wildfires,IRWIN,2026-02-02T10:01:00Z,34.090856,-87.382584,693,acres,
EONET_17664,"Compartment 40A RX Prescribed Fire, Bibb, Alabama",Wildfires,IRWIN,2026-02-02T09:59:00Z,32.917133,-87.375367,880,acres,
EONET_17721,"SHNF C-22/23/24 RX Prescribed Fire, Walker, Texas",Wildfires,IRWIN,2026-02-02T09:21:00Z,30.56055,-95.676333,2693,acres,
EONET_17723,"RX CALV BU 124 Prescribed Fire, Vernon, Louisiana",Wildfires,IRWIN,2026-02-02T09:16:00Z,30.993,-93.016,1003,acres,
EONET_17722,"RX WINN BU 55 Prescribed Fire, Winn, Louisiana",Wildfires,IRWIN,2026-02-02T09:15:00Z,31.918056,-92.747222,1679,acres,
EONET_17660,"RX KIS BU 15 Prescribed Fire, Natchitoches, Louisiana",Wildfires,IRWIN,2026-02-02T09:05:00Z,31.507367,-93.097133,3092,acres,
EONET_17726,"ANF BU 209 Rx 0202 Prescribed Fire, Leon, Florida",Wildfires,IRWIN,2026-02-02T07:11:00Z,30.357,-84.631,2506,acres,
EONET_17659,"What Happened Here North RX Prescribed Fire, Cleburne, Alabama",Wildfires,IRWIN,2026-02-01T19:14:00Z,33.474722,-85.855278,1036,acres,
EONET_17727,"Whitesides Mill A-F RX Prescribed Fire, Cleburne, Alabama",Wildfires,IRWIN,2026-02-01T19:13:00Z,33.724541,-85.637011,1556,acres,
EONET_17667,"SHNF C-1/2 North RX Prescribed Fire, Montgomery, Texas",Wildfires,IRWIN,2026-02-01T17:08:00Z,30.585,-95.751667,653,acres,
EONET_17666,"Bienville CPT 10 RX Prescribed Fire, Scott, Mississippi",Wildfires,IRWIN,2026-02-01T10:07:00Z,32.5117,-89.5911,736,acres,
EONET_17668,"Pete White East RX Prescribed Fire, Clay, Alabama",Wildfires,IRWIN,2026-02-01T09:46:00Z,33.245,-86.071944,819,acres,
EONET_17670,"Upper Shoal A RX Prescribed Fire, Cleburne, Alabama",Wildfires,IRWIN,2026-02-01T08:33:00Z,33.792667,-85.538333,521,acres,
EONET_17663,"Compartment 129A RX Prescribed Fire, Chilton, Alabama",Wildfires,IRWIN,2026-02-01T07:55:00Z,32.775,-87.016667,731,acres,
EONET_17665,"Breezy Wildfire, Perry, Mississippi",Wildfires,IRWIN,2026-01-31T13:11:00Z,31.096348,-89.136223,650,acres,
EONET_18009,"Compartment 58 RX Prescribed Fire, Bibb, Alabama",Wildfires,IRWIN,2026-01-31T11:34:00Z,32.8968,-87.35286,710,acres,
EONET_17672,"DCNF C-40 RX Prescribed Fire, Houston, Texas",Wildfires,IRWIN,2026-01-31T10:52:00Z,31.34468,-95.252622,1928,acres,
EONET_17675,"DeSoto BB 9370 Site Prep RX Prescribed Fire, Jackson, Mississippi",Wildfires,IRWIN,2026-01-30T10:57:00Z,30.6841,-88.856717,596,acres,
EONET_17673,"DCNF C-33 RX Prescribed Fire, Houston, Texas",Wildfires,IRWIN,2026-01-30T10:34:00Z,31.403297,-95.199912,1387,acres,
EONET_17669,"Cherry Tree RX Prescribed Fire, Clay, Alabama",Wildfires,IRWIN,2026-01-30T09:02:00Z,33.466667,-85.9,759,acres,
EONET_17586,"540 RX Prescribed Fire, Cleburne, Alabama",Wildfires,IRWIN,2026-01-29T08:29:00Z,33.819111,-85.572972,589,acres,
EONET_17585,"LXR Northwest Rx 0129 Prescribed Fire, Palm Beach, Florida",Wildfires,IRWIN,2026-01-29T07:15:00Z,26.642667,-80.392267,4000,acres,
EONET_17715,"Stillwater NWR FY26 RX Prescribed Fire, Churchill, Nevada",Wildfires,IRWIN,2026-01-28T18:34:00Z,39.582367,-118.4403,2900,acres,
EONET_17588,"APQ Area NC Rx 0128 Prescribed Fire, Polk, Florida",Wildfires,IRWIN,2026-01-28T08:55:00Z,27.723452,-81.320114,761,acres,
EONET_17589,"CRO C-15 Pinecliff RX Prescribed Fire, Craven, North Carolina",Wildfires,IRWIN,2026-01-28T08:42:00Z,34.925833,-76.808333,701,acres,
EONET_17587,"ANF BU 47 Rx 0128 Prescribed Fire, Liberty, Florida",Wildfires,IRWIN,2026-01-28T07:01:00Z,30.147026,-84.845245,6758,acres,
EONET_17590,"Gold Mine RX Prescribed Fire, Cleburne, Alabama",Wildfires,IRWIN,2026-01-27T18:07:00Z,33.522333,-85.69,1187,acres,
EONET_17679,"Blue Springs West 07 RX Prescribed Fire, Covington, Alabama",Wildfires,IRWIN,2026-01-27T18:04:00Z,31.129558,-86.605613,1020,acres,
EONET_17674,"TANGO 2 RX Prescribed Fire, Cochise, Arizona",Wildfires,IRWIN,2026-01-27T10:25:00Z,31.51914,-110.339,835,acres,
EONET_17593,"Rx Newton 0582 Prescribed Fire, Newton, Texas",Wildfires,IRWIN,2026-01-27T09:42:00Z,31.11305556,-93.77722222,600,acres,
EONET_17594,"Rx Newton 0644 Prescribed Fire, Newton, Texas",Wildfires,IRWIN,2026-01-27T09:40:00Z,31.11194444,-93.77722222,500,acres,
EONET_17680,"Boggy Hollow South 02N-02S RX Prescribed Fire, Covington, Alabama",Wildfires,IRWIN,2026-01-27T08:18:00Z,31.008333,-86.641667,845,acres,
EONET_17678,"Boggy Hollow South 05 RX Prescribed Fire, Covington, Alabama",Wildfires,IRWIN,2026-01-27T08:17:00Z,31.008309,-86.683717,831,acres,
EONET_17592,"TTR TTI Rx 0127 Prescribed Fire, Collier, Florida",Wildfires,IRWIN,2026-01-27T07:02:00Z,25.959733,-81.5506,1855,acres,
EONET_17676,"Boggy Hollow South 03/06/08 RX Prescribed Fire, Covington, Alabama",Wildfires,IRWIN,2026-01-26T08:32:00Z,31.013889,-86.669444,1916,acres,
EONET_17677,"Blue Springs East 15/16/17/18 RX Prescribed Fire, Covington, Alabama",Wildfires,IRWIN,2026-01-26T08:25:00Z,31.122133,-86.569467,2777,acres,
EONET_17906,"APQ South Conventional Range Rx 0124 Prescribed Fire, Highlands, Florida",Wildfires,IRWIN,2026-01-24T09:19:00Z,27.601514,-81.205616,937,acres,
EONET_17453,"SACATON RX Prescribed Fire, Socorro, New Mexico",Wildfires,IRWIN,2026-01-23T15:40:00Z,34.0385,-106.617583,3000,acres,
EONET_17454,"RX Nueces 0577 Prescribed Fire, Nueces, Texas",Wildfires,IRWIN,2026-01-22T17:43:00Z,27.70138889,-97.16666667,1999,acres,
EONET_17455,"APQ Area 5 Rx 0122 Prescribed Fire, Polk, Florida",Wildfires,IRWIN,2026-01-22T08:59:00Z,27.701885,-81.242182,1078,acres,
EONET_17452,"East Lake (11) Wildfire, Collier, Florida",Wildfires,IRWIN,2026-01-21T19:25:00Z,26.0911111,-81.345,593,acres,
EONET_17457,"Long Teal Wildfire, Chambers, Texas",Wildfires,IRWIN,2026-01-21T09:01:00Z,29.5875,-94.535,842,acres,
EONET_17459,"ANF BU 50 Queens Bay Rx 0121 Prescribed Fire, Liberty, Florida",Wildfires,IRWIN,2026-01-21T07:02:00Z,30.158,-84.782,4413,acres,
EONET_17463,"Silver Lake Wildfire, Wakulla, Florida",Wildfires,IRWIN,2026-01-20T19:51:00Z,30.0744444,-84.6047222,4793,acres,
EONET_17464,"Rx BUFF South River Road BIL Prescribed Fire, Newton, Arkansas",Wildfires,IRWIN,2026-01-20T12:07:00Z,36.0677,-93.1981,575,acres,
EONET_17465,"RX South Waldron Ridge 8 &amp; 9 Prescribed Fire, Scott, Arkansas",Wildfires,IRWIN,2026-01-20T12:02:00Z,34.890104,-93.896543,1198,acres,
EONET_17467,"Bankhead RX Prescribed Fire, Cleburne, Alabama",Wildfires,IRWIN,2026-01-20T10:54:00Z,33.6985,-85.615167,2852,acres,
EONET_17466,"Rx Bunkhouse Road Prescribed Fire, Johnson, Arkansas",Wildfires,IRWIN,2026-01-20T08:28:00Z,35.668694,-93.615833,775,acres,
EONET_17450,"Havasu Wildfire, Mohave, Arizona",Wildfires,IRWIN,2026-01-19T18:02:00Z,34.795917,-114.538383,3868,acres,
EONET_17661,"Holly Springs IU721 IU722 RX Prescribed Fire, Benton, Mississippi",Wildfires,IRWIN,2026-01-19T14:52:00Z,34.593554,-89.288343,1248,acres,
EONET_17317,"Compartment 45 RX Prescribed Fire, Bibb, Alabama",Wildfires,IRWIN,2026-01-19T13:10:00Z,32.93305,-87.374133,1076,acres,
EONET_17318,"Compartment 13A RX Prescribed Fire, Bibb, Alabama",Wildfires,IRWIN,2026-01-19T13:10:00Z,32.980217,-87.378367,542,acres,
EONET_17807,"BRIDGES VMP RX Prescribed Fire, Mendocino, California",Wildfires,IRWIN,2026-01-19T11:52:00Z,38.849631,-123.222185,671,acres,
EONET_17469,"Rx PCS Shamshire North Prescribed Fire, Scott, Arkansas",Wildfires,IRWIN,2026-01-19T09:47:00Z,35.00509,-94.047957,516,acres,
EONET_17319,"RX Mason 0453 Prescribed Fire, Mason, Texas",Wildfires,IRWIN,2026-01-19T08:02:00Z,30.6123,-99.4524,800,acres,
EONET_17320,"RX Calhoun 0486 Prescribed Fire, Calhoun, Texas",Wildfires,IRWIN,2026-01-19T08:00:00Z,28.48305556,-96.46388889,550,acres,
EONET_17316,"OCF CPT 267 Shockley East Rx 0119 Prescribed Fire, Lake, Florida",Wildfires,IRWIN,2026-01-19T07:23:00Z,29.024133,-81.583083,872,acres,
EONET_17321,"AGRICOLA Wildfire, Polk, Florida",Wildfires,IRWIN,2026-01-18T18:18:00Z,27.7961111,-81.8927778,600,acres,
EONET_17462,"RX HARRIS &amp; PENNER RANCH Prescribed Fire, Murray, Oklahoma",Wildfires,IRWIN,2026-01-18T11:28:00Z,34.382,-96.90802,1745,acres,
EONET_17322,"Rx PCS Pilot Mountain Prescribed Fire, Scott, Arkansas",Wildfires,IRWIN,2026-01-18T10:12:00Z,35.00509,-94.047957,1279,acres,
EONET_17323,"RX CALV BU 246-250 Prescribed Fire, Vernon, Louisiana",Wildfires,IRWIN,2026-01-18T10:08:00Z,31.023,-93.108,2243,acres,
EONET_17324,"POND CEMETERY ROAD Wildfire, Hamilton, Florida",Wildfires,IRWIN,2026-01-17T18:53:00Z,30.4547222,-82.7788889,500,acres,
EONET_17468,"Havasu Piles RX Prescribed Fire, Mohave, Arizona",Wildfires,IRWIN,2026-01-17T17:25:00Z,34.795917,-114.538383,2800,acres,
EONET_17451,"Silver Lake Wildfire, Wakulla, Florida",Wildfires,IRWIN,2026-01-17T16:37:00Z,30.074444,-84.604944,4816,acres,
EONET_17327,"Compartment 49A RX Prescribed Fire, Bibb, Alabama",Wildfires,IRWIN,2026-01-17T11:01:00Z,32.91355,-87.383133,528,acres,
EONET_17328,"Upper Shoal B RX Prescribed Fire, Cleburne, Alabama",Wildfires,IRWIN,2026-01-17T11:01:00Z,33.79591,-85.517744,812,acres,
EONET_17326,"LXR Eagle Nest Rx 0117 Prescribed Fire, Palm Beach, Florida",Wildfires,IRWIN,2026-01-17T06:58:00Z,26.53615,-80.39685,987,acres,
EONET_17333,"RX Blackfork 31 Prescribed Fire, Scott, Arkansas",Wildfires,IRWIN,2026-01-16T16:37:00Z,34.7425,-94.445278,850,acres,
EONET_17329,"RX PSC East Hon Prescribed Fire, Scott, Arkansas",Wildfires,IRWIN,2026-01-16T13:06:00Z,34.964561,-94.15641,979,acres,
EONET_17330,"RX CALV BU 247-248-249-250 Prescribed Fire, Vernon, Louisiana",Wildfires,IRWIN,2026-01-16T10:01:00Z,31.0373,-93.089417,2449,acres,
EONET_17334,"RX CAT BU 94 Prescribed Fire, Grant, Louisiana",Wildfires,IRWIN,2026-01-16T09:22:00Z,31.4759,-92.554439,1090,acres,
EONET_17332,"RX KIS BU 35 Prescribed Fire, Natchitoches, Louisiana",Wildfires,IRWIN,2026-01-16T08:58:00Z,31.46275,-93.164333,1665,acres,
EONET_17331,"ANF BU 342 Rx 0116 Prescribed Fire, Wakulla, Florida",Wildfires,IRWIN,2026-01-16T08:21:00Z,30.102333,-84.584833,2367,acres,
EONET_17227,"Calf Fire Wildfire, Pittsburg, Oklahoma",Wildfires,IRWIN,2026-01-16T04:07:00Z,34.9602778,-96.0813889,14210,acres,
EONET_17223,"Keown Falls RX Prescribed Fire, Walker, Georgia",Wildfires,IRWIN,2026-01-15T13:45:00Z,34.617153,-85.084547,562,acres,
EONET_17224,"RX CAT BU 46 Prescribed Fire, Grant, Louisiana",Wildfires,IRWIN,2026-01-15T09:30:00Z,31.601963,-92.52455,1185,acres,
EONET_17231,"SHELL CREEK Wildfire, McIntosh, Oklahoma",Wildfires,IRWIN,2026-01-15T09:22:00Z,35.318056,-95.855278,1174,acres,
EONET_17228,"RX CALV BU 234-235-236 Prescribed Fire, Vernon, Louisiana",Wildfires,IRWIN,2026-01-15T09:15:00Z,31.052,-92.965,2997,acres,
EONET_17232,"RX Milam Prescribed Fire, Milam, Texas",Wildfires,IRWIN,2026-01-15T09:05:00Z,30.89277778,-96.72333333,500,acres,
EONET_17230,"RX KIS BU 61-62 Prescribed Fire, Natchitoches, Louisiana",Wildfires,IRWIN,2026-01-15T09:00:00Z,31.377667,-93.1537,2478,acres,
EONET_17233,"RX Kleberg Prescribed Fire, Kleberg, Texas",Wildfires,IRWIN,2026-01-14T17:12:00Z,27.309122,-97.619391,629,acres,
EONET_17461,"RX BILLY HOWELL Prescribed Fire, Pontotoc, Oklahoma",Wildfires,IRWIN,2026-01-13T12:39:00Z,34.550156,-96.578549,1296,acres,
EONET_17458,"Hanks RX Prescribed Fire, Texas, Missouri",Wildfires,IRWIN,2026-01-13T09:25:00Z,37.537536,-92.038889,846,acres,
EONET_17237,"RX Gib Road Prescribed Fire, Baxter, Arkansas",Wildfires,IRWIN,2026-01-13T08:47:00Z,36.0178,-92.3294,730,acres,
EONET_17591,"ANF Guidrey 63/64 RX Prescribed Fire, Angelina, Texas",Wildfires,IRWIN,2026-01-13T08:43:00Z,31.127283,-94.2922,2763,acres,
EONET_17236,"RX Blowout Prescribed Fire, Montgomery, Arkansas",Wildfires,IRWIN,2026-01-13T08:35:00Z,34.688333,-93.810556,545,acres,
EONET_17235,"RX Pedestal Rocks Prescribed Fire, Pope, Arkansas",Wildfires,IRWIN,2026-01-13T08:23:00Z,35.687897,-93.028483,1803,acres,
EONET_17239,"Fayne Creek RX Prescribed Fire, Talladega, Alabama",Wildfires,IRWIN,2026-01-12T16:35:00Z,33.403611,-85.934167,556,acres,
EONET_17101,"RX Bill Bolen 2 Prescribed Fire, Pontotoc, Oklahoma",Wildfires,IRWIN,2026-01-12T11:04:00Z,34.5344,-96.6082,1009,acres,
EONET_17238,"RX Tacket Mtn Prescribed Fire, Van Buren, Arkansas",Wildfires,IRWIN,2026-01-12T09:08:00Z,35.473233,-92.792192,828,acres,
EONET_17240,"RX Turkey Hollow Prescribed Fire, Johnson, Arkansas",Wildfires,IRWIN,2026-01-12T08:35:00Z,35.64505,-93.297117,1350,acres,
EONET_17226,"ANF BU 215 Rx 0112 Prescribed Fire, Leon, Florida",Wildfires,IRWIN,2026-01-12T07:40:00Z,30.387333,-84.4835,2310,acres,
EONET_17225,"ANF BU 218 Rx 0112 Prescribed Fire, Leon, Florida",Wildfires,IRWIN,2026-01-12T07:09:00Z,30.3895,-84.393,2662,acres,
EONET_17103,"MIR 9.2 ABC Rx 0111 Prescribed Fire, Brevard, Florida",Wildfires,IRWIN,2026-01-11T08:33:00Z,28.631728,-80.675053,1210,acres,
EONET_17104,"APQ Rec Area 12 Rx 0110 Prescribed Fire, Highlands, Florida",Wildfires,IRWIN,2026-01-10T08:34:00Z,27.54858,-81.320101,1161,acres,
EONET_17460,"RX-KENWOOD 40 Prescribed Fire, Delaware, Oklahoma",Wildfires,IRWIN,2026-01-09T14:36:00Z,36.256944,-94.872778,788,acres,
EONET_17241,"Blue Springs West 04 RX Prescribed Fire, Covington, Alabama",Wildfires,IRWIN,2026-01-09T10:07:00Z,31.145515,-86.58686,845,acres,
EONET_17102,"MIDNIGHT Wildfire, Carter, Oklahoma",Wildfires,IRWIN,2026-01-09T09:49:00Z,34.339722,-97.223333,688,acres,
EONET_17106,"APQ South Range Rx 0109 Prescribed Fire, Highlands, Florida",Wildfires,IRWIN,2026-01-09T09:48:00Z,27.621615,-81.220433,552,acres,
EONET_17105,"MIR 5.1 ABC Rx 0109 Prescribed Fire, Brevard, Florida",Wildfires,IRWIN,2026-01-09T07:19:00Z,28.631728,-80.675053,1400,acres,
EONET_17234,"CY26 TRD- DISTRICT PILES Rx Prescribed Fire, Coconino, Arizona",Wildfires,IRWIN,2026-01-08T09:57:00Z,35.941284,-112.105746,985,acres,
EONET_16976,"APQ Rec Area 10 Rx 0108 Prescribed Fire, Highlands, Florida",Wildfires,IRWIN,2026-01-08T09:16:00Z,27.623545,-81.179397,742,acres,
EONET_17163,"Ambrym Volcano, Vanuatu",Volcanoes,SIVolcano,2026-01-08T00:00:00Z,-16.25,168.12,,,
EONET_17165,"Mayon Volcano, Philippines",Volcanoes,SIVolcano,2026-01-07T00:00:00Z,13.257,123.685,,,
EONET_17584,"South Pen Rx Piles - East Prescribed Fire, Wasco, Oregon",Wildfires,IRWIN,2026-01-05T17:03:00Z,45.295069,-121.348145,561,acres,
EONET_17229,"Central Zone Programmatic Piles RX Prescribed Fire, Carbon, Wyoming",Wildfires,IRWIN,2026-01-05T13:32:00Z,41.300849,-106.369774,953,acres,
EONET_16811,"Math Branch Wildfire, Christian, Missouri",Wildfires,IRWIN,2026-01-03T18:13:00Z,36.88005,-92.949033,700,acres,
EONET_16812,"Madley Wildfire, Shelby, Texas",Wildfires,IRWIN,2026-01-02T23:07:00Z,31.64805,-93.879367,674,acres,
EONET_16815,"Rx Newton 6078 Prescribed Fire, Newton, Texas",Wildfires,IRWIN,2026-01-02T07:55:00Z,31.12194444,-93.79361111,874,acres,
EONET_16816,"Rx Liberty 6069 Prescribed Fire, Liberty, Texas",Wildfires,IRWIN,2026-01-02T07:54:00Z,30.42638889,-94.96972222,538,acres,
EONET_17164,"Masaya Volcano, Nicaragua",Volcanoes,SIVolcano,2026-01-02T00:00:00Z,11.9844,-86.1688,,,
EONET_16817,"Rx Jasper 6074 Prescribed Fire, Jasper, Texas",Wildfires,IRWIN,2026-01-01T16:13:00Z,31.05655,-93.98622,500,acres,
EONET_17166,"Sabancaya Volcano, Peru",Volcanoes,SIVolcano,2025-12-29T00:00:00Z,-15.787,-71.857,,,
EONET_16718,"Addington Wildfire, Cherokee, Oklahoma",Wildfires,IRWIN,2025-12-23T09:43:00Z,35.6455556,-95.0722222,654,acres,
EONET_16614,"Sassafras Fire Wildfire, Latimer, Oklahoma",Wildfires,IRWIN,2025-12-21T19:05:00Z,34.7875,-95.1911111,900,acres,
EONET_16613,"Salt Creek Wildfire, Blaine, Oklahoma",Wildfires,IRWIN,2025-12-19T20:10:00Z,36.0505556,-98.2419444,726.5,acres,
EONET_16717,"Burning In The Blind Wildfire, Brooks, Texas",Wildfires,IRWIN,2025-12-18T20:10:00Z,27.10075144,-98.11316527,516.5,acres,
EONET_16517,"CR L Wildfire, Yuma, Colorado",Wildfires,IRWIN,2025-12-18T13:46:00Z,39.598158,-102.610878,2000,acres,
EONET_16518,"33 Wildfire, Yuma, Colorado",Wildfires,IRWIN,2025-12-18T13:45:00Z,40.046355,-102.605378,12000,acres,
EONET_16813,"44 Wildfire, Yuma, Colorado",Wildfires,IRWIN,2025-12-18T13:45:00Z,40.206285,-102.54703,584,acres,
EONET_16519,"Terry Ranch Wildfire, Laramie, Wyoming",Wildfires,IRWIN,2025-12-18T12:50:00Z,41.044446,-104.886358,565,acres,
EONET_16520,"RX Cook Road Prescribed Fire, Baxter, Arkansas",Wildfires,IRWIN,2025-12-16T09:51:00Z,36.07955,-92.356667,858,acres,
EONET_16404,"RX Optimus North Prescribed Fire, Stone, Arkansas",Wildfires,IRWIN,2025-12-15T10:25:00Z,36.043117,-92.07395,575,acres,
EONET_16405,"Cave Mountain Wildfire, Bibb, Alabama",Wildfires,IRWIN,2025-12-12T10:02:00Z,32.885556,-87.303889,780,acres,
EONET_16406,"RX  FY26 BUFF Buffalo Point Maintenance Prescribed Fire, Marion, Arkansas",Wildfires,IRWIN,2025-12-12T09:01:00Z,36.0796,-92.5125,701,acres,
EONET_16300,"RX Llano 5625 Prescribed Fire, Llano, Texas",Wildfires,IRWIN,2025-12-11T09:32:00Z,30.52333333,-98.785,810,acres,
EONET_16298,"RX WINN BU 64 Prescribed Fire, Winn, Louisiana",Wildfires,IRWIN,2025-12-11T08:59:00Z,31.899722,-92.813056,1025,acres,
EONET_16299,"APQ Area 12 Rx 1211 Prescribed Fire, Highlands, Florida",Wildfires,IRWIN,2025-12-11T08:49:00Z,27.578841,-81.312723,567,acres,
EONET_16303,"RX CRCC South Prescribed Fire, Murray, Oklahoma",Wildfires,IRWIN,2025-12-10T09:56:00Z,34.4235,-97.0169,545,acres,
EONET_16407,"APQ Recreation Area 12 Rx 1210 Prescribed Fire, Highlands, Florida",Wildfires,IRWIN,2025-12-10T09:10:00Z,27.568357,-81.326637,575,acres,
EONET_16301,"RX CALV BU 129-130-131 Prescribed Fire, Vernon, Louisiana",Wildfires,IRWIN,2025-12-10T08:57:00Z,31.04205,-92.983583,3053,acres,
EONET_16304,"APQ Area 12 Rx 1209 Prescribed Fire, Highlands, Florida",Wildfires,IRWIN,2025-12-09T09:20:00Z,27.562976,-81.313239,520,acres,
EONET_16302,"SNF Clarktown RX Blk C &amp; D Prescribed Fire, Sabine, Texas",Wildfires,IRWIN,2025-12-09T09:01:00Z,31.18175,-93.7993,1626,acres,
EONET_16259,"RX CALV BU 237-264 Prescribed Fire, Vernon, Louisiana",Wildfires,IRWIN,2025-12-08T09:20:00Z,31.031,-92.947,2818,acres,
EONET_16297,"Nyamulagira Volcano, DR Congo",Volcanoes,SIVolcano,2025-12-07T00:00:00Z,-1.408,29.2,,,
EONET_16260,"APQ South Tactical Range Rx 1206 Prescribed Fire, Highlands, Florida",Wildfires,IRWIN,2025-12-06T09:34:00Z,27.548611,-81.240721,1269,acres,
EONET_16262,"APQ South Tactical Range Rx 1205 Prescribed Fire, Highlands, Florida",Wildfires,IRWIN,2025-12-05T08:44:00Z,27.549446,-81.240809,936,acres,
EONET_16264,"UBC Upper Jacks RX Prescribed Fire, Coconino, Arizona",Wildfires,IRWIN,2025-12-04T10:09:00Z,34.738139,-111.447201,1600,acres,
EONET_16258,"Rat RX Prescribed Fire, Lawrence, South Dakota",Wildfires,IRWIN,2025-12-03T12:49:00Z,44.21555,-103.831333,900,acres,
EONET_16203,"Ambae Volcano, Vanuatu",Volcanoes,SIVolcano,2025-12-03T00:00:00Z,-15.389,167.835,,,
EONET_16265,"Slicker RX Prescribed Fire, Lawrence, South Dakota",Wildfires,IRWIN,2025-12-02T09:35:00Z,44.177044,-104.025504,540,acres,
EONET_16202,"Puracé Volcano, Colombia",Volcanoes,SIVolcano,2025-12-02T00:00:00Z,2.3095,-76.3948,,,
EONET_16263,"Carex RX Prescribed Fire, Crook, Wyoming",Wildfires,IRWIN,2025-12-01T18:32:00Z,44.53875,-104.3865,520,acres,
EONET_16204,"Manam Volcano, Papua New Guinea",Volcanoes,SIVolcano,2025-11-30T00:00:00Z,-4.08,145.037,,,
EONET_16200,"Barren Island Volcano, India",Volcanoes,SIVolcano,2025-11-29T00:00:00Z,12.278,93.858,,,
EONET_16201,"Hayli Gubbi Volcano, Ethiopia",Volcanoes,SIVolcano,2025-11-23T12:23:00Z,13.5111,40.7161,,,
EONET_15984,"RX Coleman 5431 Prescribed Fire, Coleman, Texas",Wildfires,IRWIN,2025-11-20T09:18:00Z,31.95083333,-99.39083333,580,acres,
EONET_15987,"FY25 WEST CASTLE ROCK RX Prescribed Fire, Malheur, Oregon",Wildfires,IRWIN,2025-11-18T17:59:00Z,44.027127,-118.183545,1748,acres,
EONET_16261,"NZ Timber Pile RX Prescribed Fire, Sanpete, Utah",Wildfires,IRWIN,2025-11-18T17:10:00Z,39.3549,-111.45956,502,acres,
EONET_15986,"Concord Fire Wildfire, Montgomery, Alabama",Wildfires,IRWIN,2025-11-18T00:56:00Z,32.4369444,-86.1772222,1427,acres,
EONET_15983,"Grey&#039;s Ditch Wildfire, Cameron, Louisiana",Wildfires,IRWIN,2025-11-17T16:54:00Z,29.838611,-93.757778,601,acres,
EONET_15985,"ROANOKE RIVER Wildfire, Bertie, North Carolina",Wildfires,IRWIN,2025-11-17T14:28:00Z,35.9455,-77.1015,579,acres,
EONET_15895,"RX Matagorda 5365 Prescribed Fire, Matagorda, Texas",Wildfires,IRWIN,2025-11-17T09:53:00Z,28.65476614,-96.08379714,570,acres,
EONET_15893,"1039 Wildfire, Barry, Missouri",Wildfires,IRWIN,2025-11-17T09:11:00Z,36.554083,-93.853133,1220,acres,
EONET_15894,"Barfoot Fire Wildfire, Dinwiddie, Virginia",Wildfires,IRWIN,2025-11-17T07:29:00Z,37.02,-77.8686111,800,acres,
EONET_15896,"Cache River State Nature Area RX Prescribed Fire, Johnson, Illinois",Wildfires,IRWIN,2025-11-16T08:31:00Z,37.367,-88.917,500,acres,
EONET_15876,"RX Rains 5318 Prescribed Fire, Rains, Texas",Wildfires,IRWIN,2025-11-14T08:07:00Z,32.738759,-95.68231,1200,acres,
EONET_15877,"PACK Wildfire, Mono, California",Wildfires,IRWIN,2025-11-13T15:00:00Z,37.555334,-118.794566,1000,acres,
EONET_15879,"UBC Bill Dick RX Prescribed Fire, Coconino, Arizona",Wildfires,IRWIN,2025-11-13T09:38:00Z,34.784677,-111.477585,938,acres,
EONET_16205,"Planchón-Peteroa Volcano, Chile",Volcanoes,SIVolcano,2025-11-13T00:00:00Z,-35.223,-70.568,,,
EONET_15880,"Odart RX Prescribed Fire, Apache, Arizona",Wildfires,IRWIN,2025-11-12T21:10:00Z,33.711183,-109.69602,1014,acres,
EONET_15882,"Bienville CPT 207 208 210 Release RX Prescribed Fire, Jasper, Mississippi",Wildfires,IRWIN,2025-11-12T10:50:00Z,32.1603,-89.2859,2719,acres,
EONET_15878,"Whitney Bear RX Prescribed Fire, Summit, Utah",Wildfires,IRWIN,2025-11-08T15:02:00Z,40.914467,-110.826383,1300,acres,
EONET_15864,"MANA ROAD Wildfire, Hawaii, Hawaii",Wildfires,IRWIN,2025-11-07T16:52:00Z,19.769167,-155.3575,2100,acres,
EONET_15867,"Rx Angelina 5149 Prescribed Fire, Angelina, Texas",Wildfires,IRWIN,2025-11-07T09:57:00Z,31.10333333,-94.63222222,510,acres,
EONET_15865,"Large Impact Wildfire, El Paso, Colorado",Wildfires,IRWIN,2025-11-07T09:25:00Z,38.562249,-104.76112,5500,acres,
EONET_15863,"Bald Mountain Wildfire, Craig, Virginia",Wildfires,IRWIN,2025-11-05T16:58:00Z,37.60025,-80.08045,3127,acres,
EONET_15874,"rx-Lapham Good Oak 2025 Prescribed Fire, Waukesha, Wisconsin",Wildfires,IRWIN,2025-11-04T17:21:00Z,43.0403647,-88.3992015,638,acres,
EONET_15873,"Highway 83 Wildfire, Cherry, Nebraska",Wildfires,IRWIN,2025-11-04T17:15:00Z,42.1358,-100.53657,1000,acres,
EONET_15869,"Chimney 1 RX Prescribed Fire, Coconino, Arizona",Wildfires,IRWIN,2025-11-04T09:00:00Z,35.276111,-111.686667,1482,acres,
EONET_15857,"MATAGORDA SOUTH Wildfire, Calhoun, Texas",Wildfires,IRWIN,2025-11-02T13:30:00Z,28.1233333,-96.7877778,500,acres,
EONET_15856,"MATAGORDA SOUTH Wildfire, Calhoun, Texas",Wildfires,IRWIN,2025-11-02T11:55:00Z,28.12353,-96.78781,500,acres,
EONET_15870,"Last Chance/Porcupine RX Prescribed Fire, Sevier, Utah",Wildfires,IRWIN,2025-10-31T18:00:00Z,38.655422,-111.524053,1750,acres,
EONET_15852,Iceberg C18C,Sea and Lake Ice,NATICE,2025-10-31T00:00:00Z,-66.89,65.58,25.93,NM^2,
EONET_15852,Iceberg C18C,Sea and Lake Ice,NATICE,2025-11-14T00:00:00Z,-66.73,63.9,20,NM^2,
EONET_15852,Iceberg C18C,Sea and Lake Ice,NATICE,2025-11-21T00:00:00Z,-66.63,62.44,20,NM^2,
EONET_15852,Iceberg C18C,Sea and Lake Ice,NATICE,2025-11-28T00:00:00Z,-66.75,60.51,20,NM^2,
EONET_15852,Iceberg C18C,Sea and Lake Ice,NATICE,2025-12-05T00:00:00Z,-66.43,58.76,20,NM^2,
EONET_15852,Iceberg C18C,Sea and Lake Ice,NATICE,2025-12-12T00:00:00Z,-66.1,57.75,20,NM^2,
EONET_15852,Iceberg C18C,Sea and Lake Ice,NATICE,2025-12-26T00:00:00Z,-65.81,56.88,20,NM^2,
EONET_15852,Iceberg C18C,Sea and Lake Ice,NATICE,2026-01-16T00:00:00Z,-65.26,54,20,NM^2,
EONET_15852,Iceberg C18C,Sea and Lake Ice,NATICE,2026-02-06T00:00:00Z,-64.81,53.92,20,NM^2,
EONET_15852,Iceberg C18C,Sea and Lake Ice,NATICE,2026-02-26T00:00:00Z,-65.4,52.75,20,NM^2,
EONET_15852,Iceberg C18C,Sea and Lake Ice,NATICE,2026-03-06T00:00:00Z,-65.75,51.67,20,NM^2,
EONET_15852,Iceberg C18C,Sea and Lake Ice,NATICE,2026-03-20T00:00:00Z,-66.04,50.08,20,NM^2,
EONET_15852,Iceberg C18C,Sea and Lake Ice,NATICE,2026-03-26T00:00:00Z,-66.61,47.82,20,NM^2,
EONET_15871,"D2 - Brookbank RX Prescribed Fire, Navajo, Arizona",Wildfires,IRWIN,2025-10-30T14:00:00Z,34.385202,-110.701332,3647,acres,
EONET_15843,"NP RX - LITTLE TACOMA STEWARDSHIP Prescribed Fire, Stevens, Washington",Wildfires,IRWIN,2025-10-28T19:07:00Z,48.505606,-117.468684,959,acres,
EONET_15872,"TON RX - HAILEY STEWARDSHIP Prescribed Fire, Okanogan, Washington",Wildfires,IRWIN,2025-10-27T12:57:00Z,48.908821,-119.309245,678,acres,
EONET_15866,"3R RX - DRUMMOND A-Z Prescribed Fire, Stevens, Washington",Wildfires,IRWIN,2025-10-27T11:41:00Z,48.402056,-117.533129,518,acres,
EONET_15831,"Herring Wildfire, Perry, Mississippi",Wildfires,IRWIN,2025-10-25T10:45:00Z,31.093,-88.981,571,acres,
EONET_15842,"D7 - Pulp Knoll RX Prescribed Fire, Apache, Arizona",Wildfires,IRWIN,2025-10-22T13:46:00Z,34.168583,-109.752467,1200,acres,
EONET_15846,"D7 - Brown Creek RX Prescribed Fire, Apache, Arizona",Wildfires,IRWIN,2025-10-22T13:46:00Z,34.188,-109.785583,1720,acres,
EONET_15833,"3R RX - HART A-Z Prescribed Fire, Stevens, Washington",Wildfires,IRWIN,2025-10-22T11:50:00Z,48.373081,-117.575314,543,acres,
EONET_15820,"Dry Prong Wildfire, Perry, Mississippi",Wildfires,IRWIN,2025-10-21T17:13:00Z,31.15025,-89.13245,2547,acres,
EONET_15881,"D1 - Pace Creek RX Prescribed Fire, Apache, Arizona",Wildfires,IRWIN,2025-10-21T14:51:00Z,33.797333,-109.067917,1000,acres,
EONET_15807,"RX Mason 4828 Prescribed Fire, Mason, Texas",Wildfires,IRWIN,2025-10-16T09:32:00Z,30.92305556,-99.37416667,500,acres,
EONET_15832,"TON RX - MT HULL HALEY HP Prescribed Fire, Okanogan, Washington",Wildfires,IRWIN,2025-10-15T16:21:00Z,48.908786,-119.28733,605,acres,
EONET_15845,"RX D6 DISTRICT WIDE PILES Prescribed Fire, Valley, Idaho",Wildfires,IRWIN,2025-10-14T16:49:00Z,44.16258,-116.17191,745,acres,
EONET_15844,"Upper Provo Piles RX Prescribed Fire, Summit, Utah",Wildfires,IRWIN,2025-10-10T13:27:00Z,40.6407,-110.9671,515,acres,
EONET_15787,"Attala 6592 Attala Road 3232 Wildfire, Attala, Mississippi",Wildfires,IRWIN,2025-10-05T08:51:00Z,33.1594444,-89.6505556,600,acres,
EONET_15786,"Tule Wildfire, Briscoe, Texas",Wildfires,IRWIN,2025-10-04T16:08:00Z,34.4898772,-101.4124004,2547.7,acres,
EONET_15785,"Cherry Wildfire, Utah, Utah",Wildfires,IRWIN,2025-10-02T18:50:00Z,40.193367,-111.431483,540,acres,
EONET_15680,"Lake Creek Wildfire, Blaine, Idaho",Wildfires,IRWIN,2025-09-28T16:09:00Z,43.7595,-114.3345,512,acres,
EONET_15626,"Hayes Wildfire, Blaine, Montana",Wildfires,IRWIN,2025-09-28T15:56:00Z,48.0676,-108.72265,747,acres,
EONET_15789,"Northwest Sands Moquah Barrens Block A RX Prescribed Fire, Bayfield, Wisconsin",Wildfires,IRWIN,2025-09-24T15:50:00Z,46.619383,-91.306,500,acres,
EONET_15818,"Millcreek Canyon Piles RX Prescribed Fire, Salt Lake, Utah",Wildfires,IRWIN,2025-09-24T12:53:00Z,40.6875,-111.601217,565,acres,
EONET_15577,"Heat Wave Wildfire, Callahan, Texas",Wildfires,IRWIN,2025-09-22T15:28:00Z,32.39138247,-99.32425763,539,acres,
EONET_15682,"Blacksmith Fork Ephraims Unit RX Prescribed Fire, Cache, Utah",Wildfires,IRWIN,2025-09-22T14:48:00Z,41.771833,-111.532667,1050,acres,
EONET_15579,"Tango Forty Four Wildfire, Perry, Mississippi",Wildfires,IRWIN,2025-09-22T11:14:00Z,31.08202,-89.1289,761,acres,
EONET_15580,"PUMKIN Wildfire, Navajo, Arizona",Wildfires,IRWIN,2025-09-18T21:41:00Z,35.64186111,-110.4100833,653,acres,
EONET_15520,"Twin Plume Fire Wildfire, Palm Beach, Florida",Wildfires,IRWIN,2025-09-17T21:21:00Z,26.5169444,-80.4383333,800,acres,
EONET_15521,"Alpaugh Wildfire, Kings, California",Wildfires,IRWIN,2025-09-17T20:15:00Z,35.85456,-119.56524,550,acres,
EONET_15519,"McCormick Creek Wildfire, Collingsworth, Texas",Wildfires,IRWIN,2025-09-16T18:30:00Z,35.0418,-100.489464,543,acres,
EONET_15518,"L7 Canal Wildfire, Palm Beach, Florida",Wildfires,IRWIN,2025-09-16T12:07:00Z,26.494367,-80.438667,800,acres,
EONET_15523,"Bear River 9 Rx Prescribed Fire, Box Elder, Utah",Wildfires,IRWIN,2025-09-14T12:04:00Z,41.440563,-112.34563,1500,acres,
EONET_15627,"Salmon Forks Wildfire, Flathead, Montana",Wildfires,IRWIN,2025-09-12T20:23:00Z,47.612867,-113.329233,1415,acres,
EONET_15432,"SMR Unit 100/101 Rx 0911 Prescribed Fire, Wakulla, Florida",Wildfires,IRWIN,2025-09-11T09:06:00Z,30.144067,-84.179833,1047,acres,
EONET_15435,"Rx Quanah Prescribed Fire, Comanche, Oklahoma",Wildfires,IRWIN,2025-09-11T08:44:00Z,34.695669,-98.646225,4383,acres,
EONET_15437,"SMR Unit 21-138 Rx 0910 Prescribed Fire, Jefferson, Florida",Wildfires,IRWIN,2025-09-10T10:06:00Z,30.1314,-84.046317,9793,acres,
EONET_15811,"Kanlaon Volcano, Philippines",Volcanoes,SIVolcano,2025-09-10T00:00:00Z,10.4096,123.13,,,
EONET_15434,"WOODEN ROAD Wildfire, Walla Walla, Washington",Wildfires,IRWIN,2025-09-09T12:51:00Z,46.49877,-118.54042,4905,acres,
EONET_15439,"rx-Middle Marsh Prescribed Fire, Dodge, Wisconsin",Wildfires,IRWIN,2025-09-09T09:09:00Z,43.4993813,-88.6516802,787.6,acres,
EONET_15431,"1016 DEEP CREEK Wildfire, Wasco, Oregon",Wildfires,IRWIN,2025-09-07T18:22:00Z,45.116167,-120.951333,500,acres,
EONET_15576,"Tunnel Creek Wildfire, Jefferson, Washington",Wildfires,IRWIN,2025-09-06T16:18:00Z,47.784167,-123.085167,558,acres,
EONET_15380,"PYRITE Wildfire, Riverside, California",Wildfires,IRWIN,2025-09-05T20:25:00Z,34.017805,-117.462368,551,acres,
EONET_15385,"BLACK ROCK Wildfire, Wasco, Oregon",Wildfires,IRWIN,2025-09-04T22:46:00Z,44.989367,-120.487917,20349,acres,
EONET_15387,"Moon Complex Incident Complex, Curry, Oregon",Wildfires,IRWIN,2025-09-04T19:25:00Z,42.687458,-123.915264,1506.75,acres,
EONET_15382,"Backbone Wildfire, Curry, Oregon",Wildfires,IRWIN,2025-09-04T19:21:00Z,42.705167,-123.947333,1088,acres,
EONET_15381,"Pinnacle Wildfire, Curry, Oregon",Wildfires,IRWIN,2025-09-04T15:20:00Z,42.692833,-123.922833,904,acres,
EONET_15522,"Green Rattle Complex Incident Complex, Bonner, Idaho",Wildfires,IRWIN,2025-09-04T14:41:00Z,48.267881,-116.121362,571,acres,
EONET_15388,"Kelsey Peak Wildfire, Curry, Oregon",Wildfires,IRWIN,2025-09-03T22:28:00Z,42.72971284,-123.76,1036,acres,
EONET_15384,"Sentinel Wildfire, Humboldt, Nevada",Wildfires,IRWIN,2025-09-03T22:18:00Z,41.827033,-117.993817,1247.67,acres,
EONET_15282,"Timber Butte Wildfire, Beaverhead, Montana",Wildfires,IRWIN,2025-09-03T18:44:00Z,44.723633,-112.829033,1062,acres,
EONET_15433,"Isabella Wildfire, Sanders, Montana",Wildfires,IRWIN,2025-09-03T16:03:00Z,48.122583,-115.678583,770,acres,
EONET_15301,"3 AM (53) Wildfire, Polk, Florida",Wildfires,IRWIN,2025-09-02T21:49:00Z,27.7119444,-81.8444444,735,acres,
EONET_15284,"4-Jan Wildfire, Mariposa, California",Wildfires,IRWIN,2025-09-02T20:56:00Z,37.241167,-120.072833,4451,acres,
EONET_15290,"TCU SEPTEMBER LIGHTNING COMPLEX Incident Complex, Tuolumne, California",Wildfires,IRWIN,2025-09-02T18:36:00Z,37.909117,-120.512173,13790.62,acres,
EONET_15297,"Lynx Mountain Wildfire, Ferry, Washington",Wildfires,IRWIN,2025-09-02T17:42:00Z,48.340277,-118.341111,600,acres,
EONET_15283,"MARKS CREEK Wildfire, Crook, Oregon",Wildfires,IRWIN,2025-09-02T16:12:00Z,44.419667,-120.48975,2500,acres,
EONET_15285,"8-Feb Wildfire, Calaveras, California",Wildfires,IRWIN,2025-09-02T15:05:00Z,37.886167,-120.642167,1333,acres,
EONET_15288,"7-Feb Wildfire, Calaveras, California",Wildfires,IRWIN,2025-09-02T14:59:00Z,38.106192,-120.48974,599,acres,
EONET_15289,"5-Jun Wildfire, Tuolumne, California",Wildfires,IRWIN,2025-09-02T13:35:00Z,37.819667,-120.437333,6984,acres,
EONET_15286,"2-Jun Wildfire, Tuolumne, California",Wildfires,IRWIN,2025-09-02T11:45:00Z,37.776687,-120.384618,1028,acres,
EONET_15287,"2-Feb Wildfire, Stanislaus, California",Wildfires,IRWIN,2025-09-02T09:10:00Z,37.944756,-120.843757,3462,acres,
EONET_15279,"SALT Wildfire, Fresno, California",Wildfires,IRWIN,2025-09-02T06:01:00Z,36.099461,-120.311182,13500,acres,
EONET_15386,"SNOW PEAK Wildfire, Ferry, Washington",Wildfires,IRWIN,2025-09-01T20:13:00Z,48.56315,-118.466867,700,acres,
EONET_15296,"LOWER SUGARLOAF Wildfire, Chelan, Washington",Wildfires,IRWIN,2025-09-01T17:24:00Z,47.7533,-120.549617,4004,acres,
EONET_15298,"SWIFT COMPLEX Incident Complex, Trinity, California",Wildfires,IRWIN,2025-09-01T16:02:00Z,40.967679,-122.804478,538,acres,
EONET_15383,"LABOR MOUNTAIN Wildfire, Kittitas, Washington",Wildfires,IRWIN,2025-09-01T15:42:00Z,47.382805,-120.819522,1984,acres,
EONET_15294,"ROOT Wildfire, Shasta, California",Wildfires,IRWIN,2025-09-01T15:38:00Z,41.160217,-122.397417,758,acres,
EONET_15299,"Rattlesnake Wildfire, Ferry, Washington",Wildfires,IRWIN,2025-09-01T12:58:00Z,47.873166,-118.374666,6030,acres,
EONET_15295,"TACOMA CREEK Wildfire, Stevens, Washington",Wildfires,IRWIN,2025-09-01T11:45:00Z,48.49425,-117.511367,651,acres,
EONET_15810,"Ioto Volcano, Japan",Volcanoes,SIVolcano,2025-09-01T00:00:00Z,24.751,141.289,,,
EONET_15436,"White Pine Wildfire, Latah, Idaho",Wildfires,IRWIN,2025-08-31T22:33:00Z,47.018117,-116.655633,797,acres,
EONET_15151,"KATY CREEK Wildfire, Ferry, Washington",Wildfires,IRWIN,2025-08-31T20:52:00Z,48.6766667,-118.16,600,acres,
EONET_15291,"Ulm Creek Wildfire, Shoshone, Idaho",Wildfires,IRWIN,2025-08-30T15:49:00Z,47.879833,-115.987167,1800,acres,
EONET_15292,"KATY CREEK Wildfire, Ferry, Washington",Wildfires,IRWIN,2025-08-30T10:53:00Z,48.676667,-118.15995,881,acres,
EONET_15293,"BLACKHAWK MOUNTAIN Wildfire, Stevens, Washington",Wildfires,IRWIN,2025-08-29T23:26:00Z,48.864833,-117.824,630,acres,
EONET_15145,"CROWN CREEK Wildfire, Stevens, Washington",Wildfires,IRWIN,2025-08-29T22:35:00Z,48.833,-117.883167,3193,acres,
EONET_15149,"R-14 BUFFALO Wildfire, Washoe, Nevada",Wildfires,IRWIN,2025-08-29T20:16:00Z,40.7461,-119.7323,1276,acres,
EONET_15152,"RX San Patricio 4111 Prescribed Fire, San Patricio, Texas",Wildfires,IRWIN,2025-08-29T08:14:00Z,27.9007,-97.5763,500,acres,
EONET_15148,"Juniper Canyon Wildfire, Umatilla, Oregon",Wildfires,IRWIN,2025-08-29T03:17:00Z,45.962929,-118.995336,7585,acres,
EONET_15327,"Dempo Volcano, Indonesia",Volcanoes,SIVolcano,2025-08-29T00:00:00Z,-4.016,103.121,,,
EONET_15156,"SMR Unit 5/120 Rx 0827 Prescribed Fire, Wakulla, Florida",Wildfires,IRWIN,2025-08-28T10:43:00Z,30.160267,-84.144083,827,acres,
EONET_15154,"SMR Unit 108/122 Rx 0828 Prescribed Fire, Wakulla, Florida",Wildfires,IRWIN,2025-08-28T10:42:00Z,30.136267,-84.14165,882,acres,
EONET_15085,"BUTTE Wildfire, Malheur, Oregon",Wildfires,IRWIN,2025-08-28T02:13:00Z,42.687883,-117.512,4912,acres,
EONET_15326,"Bagana Volcano, Papua New Guinea",Volcanoes,SIVolcano,2025-08-28T00:00:00Z,-6.137,155.196,,,
EONET_15329,"Whakaari/White Island Volcano, New Zealand",Volcanoes,SIVolcano,2025-08-28T00:00:00Z,-37.52,177.18,,,
EONET_15146,"Perry Wildfire, Whatcom, Washington",Wildfires,IRWIN,2025-08-27T22:06:00Z,48.922702,-121.104893,737,acres,
EONET_15147,"BLUE Wildfire, Siskiyou, California",Wildfires,IRWIN,2025-08-27T17:44:00Z,41.790117,-123.185,1236,acres,
EONET_15091,"Canyon Wildfire, Ventura, California",Wildfires,IRWIN,2025-08-27T12:09:00Z,34.44045713,-118.7344877,5370,acres,
EONET_15092,"Pony Wildfire, Rosebud, Montana",Wildfires,IRWIN,2025-08-27T10:40:00Z,45.91109,-106.52255,853,acres,
EONET_15280,"LOG Wildfire, Siskiyou, California",Wildfires,IRWIN,2025-08-26T17:24:00Z,41.414917,-123.266433,872,acres,
EONET_15094,"SMR BU 413/414 Rx 0826 Prescribed Fire, Wakulla, Florida",Wildfires,IRWIN,2025-08-26T09:41:00Z,30.0104,-84.441267,996,acres,
EONET_15096,"The backburn Wildfire, Rolette, North Dakota",Wildfires,IRWIN,2025-08-26T06:54:00Z,48.853448,-99.817396,1342,acres,
EONET_15087,"Dillon Wildfire, Siskiyou, California",Wildfires,IRWIN,2025-08-25T21:39:00Z,41.530133,-123.540583,2134,acres,
EONET_15144,"WILDCAT Wildfire, Yakima, Washington",Wildfires,IRWIN,2025-08-25T21:23:00Z,46.845383,-121.3967,1268,acres,
EONET_15281,"PEAK Wildfire, Trinity, California",Wildfires,IRWIN,2025-08-25T18:34:00Z,40.902691,-122.850456,506,acres,
EONET_15330,"Krasheninnikov Volcano, Russia",Volcanoes,SIVolcano,2025-08-25T00:00:00Z,54.596,160.27,,,
EONET_15046,"Big Butte Wildfire, Elko, Nevada",Wildfires,IRWIN,2025-08-24T20:03:00Z,41.138,-116.59,3612,acres,
EONET_15086,"Emigrant Wildfire, Lane, Oregon",Wildfires,IRWIN,2025-08-24T18:26:00Z,43.468783,-122.241617,7764,acres,
EONET_15058,"Five Points Wildfire, Scotland, North Carolina",Wildfires,IRWIN,2025-08-24T16:32:00Z,34.9691667,-79.4626667,761,acres,
EONET_15050,"R-3 Wildfire, Lassen, California",Wildfires,IRWIN,2025-08-24T15:44:00Z,40.435833,-120.477333,500,acres,
EONET_15045,"GARNET Wildfire, Fresno, California",Wildfires,IRWIN,2025-08-24T11:39:00Z,36.860693,-119.042959,4420,acres,
EONET_15057,"Widemouth Wildfire, Millard, Utah",Wildfires,IRWIN,2025-08-23T17:13:00Z,38.723474,-112.518978,500,acres,
EONET_15389,"Walk Wildfire, Idaho, Idaho",Wildfires,IRWIN,2025-08-23T14:21:00Z,45.904267,-114.998067,920,acres,
EONET_15056,"Dollar Lake Wildfire, Sublette, Wyoming",Wildfires,IRWIN,2025-08-22T21:32:00Z,43.3246667,-110.0038333,9891,acres,
EONET_15052,"LITTLE Wildfire, Kern, California",Wildfires,IRWIN,2025-08-22T18:14:00Z,35.564333,-118.5865,2537,acres,
EONET_15059,"Needwood Wildfire, Collingsworth, Texas",Wildfires,IRWIN,2025-08-22T17:47:00Z,35.01891131,-100.0051536,672,acres,
EONET_15048,"5 Mile 2025 Wildfire, Kleberg, Texas",Wildfires,IRWIN,2025-08-22T15:34:00Z,27.342234,-97.339378,5747,acres,
EONET_15088,"Willow Creek Wildfire, Lincoln, Wyoming",Wildfires,IRWIN,2025-08-22T13:35:00Z,42.554167,-110.958833,4356,acres,
EONET_15051,"FLAT Wildfire, Jefferson, Oregon",Wildfires,IRWIN,2025-08-21T19:59:00Z,44.513117,-121.354533,21971,acres,
EONET_15049,"PICKETT Wildfire, Napa, California",Wildfires,IRWIN,2025-08-21T18:00:00Z,38.591983,-122.550064,6803,acres,
EONET_15053,"Dollar Lake Wildfire, Sublette, Wyoming",Wildfires,IRWIN,2025-08-21T16:39:00Z,43.32806,-110.006,10000,acres,
EONET_15150,"Ransome Wildfire, Lincoln, Montana",Wildfires,IRWIN,2025-08-21T10:07:00Z,48.5401,-115.64005,622,acres,
EONET_15095,"Rhoda Creek Wildfire, Idaho, Idaho",Wildfires,IRWIN,2025-08-20T19:34:00Z,46.239167,-115.0895,1334,acres,
EONET_15089,"Devil Mountain Wildfire, Powell, Montana",Wildfires,IRWIN,2025-08-20T19:13:00Z,46.745833,-112.869,1650,acres,
EONET_14954,"COYOTE Wildfire, El Dorado, California",Wildfires,IRWIN,2025-08-20T17:17:00Z,38.534833,-120.641667,624,acres,
EONET_15055,"East Wildfire, Idaho, Idaho",Wildfires,IRWIN,2025-08-20T14:28:00Z,46.5645,-114.838833,700,acres,
EONET_15153,"Lonely Mountain Wildfire, Idaho, Idaho",Wildfires,IRWIN,2025-08-20T12:06:00Z,45.750667,-114.865667,617,acres,
EONET_14960,"FT. GREEN RD. (53) Wildfire, Polk, Florida",Wildfires,IRWIN,2025-08-19T22:24:00Z,27.7161111,-81.9627778,640,acres,
EONET_14956,"West Fork Wildfire, Gallatin, Montana",Wildfires,IRWIN,2025-08-19T20:23:00Z,44.9432,-111.3681,500,acres,
EONET_14955,"MILE MARKER 39 FIRE (06) Wildfire, Broward, Florida",Wildfires,IRWIN,2025-08-19T17:06:00Z,26.2161111,-80.5413889,19200,acres,
EONET_15093,"Fishhook Wildfire, Greenlee, Arizona",Wildfires,IRWIN,2025-08-19T14:14:00Z,33.640167,-109.208833,540,acres,
EONET_15155,"Pot Mountain Wildfire, Flathead, Montana",Wildfires,IRWIN,2025-08-18T20:51:00Z,47.9275,-113.160883,526,acres,
EONET_14962,"Moser Dome Wildfire, Yellowstone, Montana",Wildfires,IRWIN,2025-08-18T20:41:00Z,45.59207,-108.74616,930.15,acres,
EONET_14961,"Dry Head 2 Wildfire, Big Horn, Montana",Wildfires,IRWIN,2025-08-18T17:15:00Z,45.254833,-108.2475,700,acres,
EONET_14959,"Marceaux Wildfire, Cameron, Louisiana",Wildfires,IRWIN,2025-08-18T15:22:00Z,29.897157,-93.754461,1456,acres,
EONET_14897,"Cow Creek Wildfire, Elko, Nevada",Wildfires,IRWIN,2025-08-17T19:05:00Z,41.878117,-114.509567,506,acres,
EONET_14958,"Knowles Wildfire, Sanders, Montana",Wildfires,IRWIN,2025-08-17T17:37:00Z,47.346967,-114.7133,2000,acres,
EONET_14957,"BULL LAKE Wildfire, Fremont, Wyoming",Wildfires,IRWIN,2025-08-17T16:09:00Z,43.159333,-109.209167,525,acres,
EONET_14953,"Derby Wildfire, Eagle, Colorado",Wildfires,IRWIN,2025-08-17T15:39:00Z,39.849463,-107.091173,1720,acres,
EONET_14893,"LG25 6416 - McAllister Wildfire, Madison, Montana",Wildfires,IRWIN,2025-08-16T18:29:00Z,45.49225,-111.721783,3500,acres,
EONET_14894,"Cow Creek Wildfire, Elko, Nevada",Wildfires,IRWIN,2025-08-16T18:29:00Z,41.878167,-114.5095,506,acres,
EONET_14895,"Cottonwood Peak Wildfire, Elko, Nevada",Wildfires,IRWIN,2025-08-15T23:03:00Z,41.389933,-116.209267,28000,acres,
EONET_14890,"Sand Creek Wildfire, Fremont, Idaho",Wildfires,IRWIN,2025-08-15T13:47:00Z,44.095333,-111.609,851,acres,
EONET_14899,"Windy Rock Wildfire, Powell, Montana",Wildfires,IRWIN,2025-08-14T21:11:00Z,46.719,-112.8462,848,acres,
EONET_14900,"Rancho Wildfire, Washoe, Nevada",Wildfires,IRWIN,2025-08-14T19:21:00Z,39.837052,-119.926983,1483,acres,
EONET_14901,"Cloudrest Wildfire, Madison, Montana",Wildfires,IRWIN,2025-08-14T18:31:00Z,45.557667,-112.037333,1156,acres,
EONET_14902,"Chin Creek Wildfire, White Pine, Nevada",Wildfires,IRWIN,2025-08-14T18:31:00Z,40.00325,-114.4117,639,acres,
EONET_14904,"SLEEPER RANCH Wildfire, Park, Wyoming",Wildfires,IRWIN,2025-08-14T14:44:00Z,44.208967,-108.74655,18046,acres,
EONET_14815,"DRY HEAD Wildfire, Carbon, Montana",Wildfires,IRWIN,2025-08-14T11:57:00Z,45.20166,-108.14578,500,acres,
EONET_14896,"KING Wildfire, Los Angeles, California",Wildfires,IRWIN,2025-08-14T04:08:00Z,34.72053,-118.79862,591.2,acres,
EONET_14816,"RED CANYON Wildfire, Hot Springs, Wyoming",Wildfires,IRWIN,2025-08-13T21:40:00Z,43.629667,-107.945833,91581,acres,
EONET_14903,"Bivens Creek Wildfire, Madison, Montana",Wildfires,IRWIN,2025-08-13T21:22:00Z,45.4575,-111.9825,1932,acres,
EONET_14818,"CRESCENT ROAD Wildfire, Lincoln, Washington",Wildfires,IRWIN,2025-08-13T19:25:00Z,47.80135,-117.847033,500,acres,
EONET_14817,"Sunset Wildfire, Bonner, Idaho",Wildfires,IRWIN,2025-08-13T19:21:00Z,48.021703,-116.592939,675,acres,
EONET_14811,"LG25 6395 - Horn Wildfire, Madison, Montana",Wildfires,IRWIN,2025-08-13T17:53:00Z,44.775783,-111.490633,2260,acres,
EONET_15054,"Mire Wildfire, Clearwater, Idaho",Wildfires,IRWIN,2025-08-13T17:08:00Z,46.562652,-115.142036,1000,acres,
EONET_14905,"CENTRAL FERRY Wildfire, Whitman, Washington",Wildfires,IRWIN,2025-08-13T17:04:00Z,46.6955,-117.80628,6597,acres,
EONET_14898,"Willard Peak Wildfire, Weber, Utah",Wildfires,IRWIN,2025-08-13T16:48:00Z,41.32945,-111.944583,577,acres,
EONET_14891,"Washington Wildfire, Gila, Arizona",Wildfires,IRWIN,2025-08-13T16:45:00Z,34.43225,-111.286783,550,acres,
EONET_14813,"SPRING CREEK Wildfire, Washakie, Wyoming",Wildfires,IRWIN,2025-08-13T16:17:00Z,43.951467,-107.246967,800,acres,
EONET_14820,"Summer Springs Wildfire, Treasure, Montana",Wildfires,IRWIN,2025-08-13T16:04:00Z,45.9866,-107.3782,2568,acres,
EONET_14819,"Pony Creek Wildfire, Rosebud, Montana",Wildfires,IRWIN,2025-08-13T15:12:00Z,45.893,-106.513,1062,acres,
EONET_14814,"BOX Wildfire, Owyhee, Idaho",Wildfires,IRWIN,2025-08-13T14:02:00Z,42.5217,-116.98975,5000,acres,
EONET_14824,"ROCK Wildfire, Valley, Idaho",Wildfires,IRWIN,2025-08-13T08:57:00Z,44.666917,-116.157917,1871,acres,
EONET_14821,"Mission Butte Wildfire, Big Horn, Montana",Wildfires,IRWIN,2025-08-13T02:37:00Z,45.459,-107.642833,500,acres,
EONET_14823,"MOUNTAIN Wildfire, Modoc, California",Wildfires,IRWIN,2025-08-11T19:41:00Z,41.808115,-121.334396,980,acres,
EONET_14825,"Crosho Wildfire, Rio Blanco, Colorado",Wildfires,IRWIN,2025-08-11T18:37:00Z,40.192667,-107.055967,1700,acres,
EONET_15331,"Nevado del Ruiz Volcano, Colombia",Volcanoes,SIVolcano,2025-08-11T00:00:00Z,4.892,-75.324,,,
EONET_14771,"Big Springs Wildfire, Tooele, Utah",Wildfires,IRWIN,2025-08-09T15:10:00Z,40.700733,-112.657717,1486,acres,
EONET_14769,"VEREDA BLANCA Wildfire, Sandoval, New Mexico",Wildfires,IRWIN,2025-08-08T19:29:00Z,35.4805,-107.2865,1551,acres,
EONET_14770,"CANYON Wildfire, Ventura, California",Wildfires,IRWIN,2025-08-07T16:29:00Z,34.439631,-118.735536,5370,acres,
EONET_14772,"Beulah Wildfire, Summit, Utah",Wildfires,IRWIN,2025-08-07T13:28:00Z,40.81,-110.702833,2310,acres,
EONET_14773,"Goodwin Wildfire, Graham, Arizona",Wildfires,IRWIN,2025-08-07T12:21:00Z,32.978583,-110.190444,1010,acres,
EONET_14724,"Twelve Wildfire, Moffat, Colorado",Wildfires,IRWIN,2025-08-06T17:45:00Z,40.362383,-108.4252,1000,acres,
EONET_14768,"Indian Creek Wildfire, Gila, Arizona",Wildfires,IRWIN,2025-08-06T13:06:00Z,33.667617,-110.1018,2511,acres,
EONET_14729,"ANDERSON DIKE (53) Wildfire, Polk, Florida",Wildfires,IRWIN,2025-08-05T20:47:00Z,27.8508333,-82.0147222,800,acres,
EONET_14722,"ROSA Wildfire, Riverside, California",Wildfires,IRWIN,2025-08-04T15:34:00Z,33.56159,-116.53934,1690,acres,
EONET_14727,"Tullock Wildfire, Big Horn, Montana",Wildfires,IRWIN,2025-08-04T13:47:00Z,45.92634,-107.32927,1469,acres,
EONET_14775,"Medicine Wildfire, Yukon-Koyukuk, Alaska",Wildfires,IRWIN,2025-08-04T12:23:00Z,65.431117,-144.315283,1002.6,acres,
EONET_14822,"GOLD Wildfire, San Bernardino, California",Wildfires,IRWIN,2025-08-04T11:39:00Z,34.317234,-116.910436,1036,acres,
EONET_14774,"Backbone Wildfire, Natchitoches, Louisiana",Wildfires,IRWIN,2025-08-03T20:46:00Z,31.492967,-93.030833,1480,acres,
EONET_14650,"Leroux Wildfire, Delta, Colorado",Wildfires,IRWIN,2025-08-03T18:28:00Z,38.8774,-107.7714,700,acres,
EONET_14661,"Bronco Wildfire, Gila, Arizona",Wildfires,IRWIN,2025-08-03T17:25:00Z,33.652167,-110.232833,500,acres,
EONET_14655,"Grease Wildfire, Rio Blanco, Colorado",Wildfires,IRWIN,2025-08-03T16:37:00Z,39.973267,-108.215367,1000,acres,
EONET_14654,"Lee Wildfire, Rio Blanco, Colorado",Wildfires,IRWIN,2025-08-02T22:48:00Z,39.93385,-108.23401,700,acres,
EONET_14660,"VICTORY Wildfire, Ada, Idaho",Wildfires,IRWIN,2025-08-02T16:56:00Z,43.34371,-116.401907,916.8,acres,
EONET_14653,"Elk RBX Wildfire, Rio Blanco, Colorado",Wildfires,IRWIN,2025-08-02T15:09:00Z,39.959444,-107.745278,3000,acres,
EONET_14659,"Adobe Mtn Wildfire, Elko, Nevada",Wildfires,IRWIN,2025-08-02T11:45:00Z,41.396717,-115.694333,5500,acres,
EONET_14664,"MP 22 Wildfire, Elko, Nevada",Wildfires,IRWIN,2025-08-01T23:46:00Z,41.19055,-116.90375,4230,acres,
EONET_14662,"Jakes Wildfire, Elko, Nevada",Wildfires,IRWIN,2025-08-01T23:44:00Z,41.213667,-116.852667,3271,acres,
EONET_14651,"Snowstorm Wildfire, Elko, Nevada",Wildfires,IRWIN,2025-08-01T23:31:00Z,41.384833,-116.844167,22256,acres,
EONET_14669,"Rattlesnake (50) Wildfire, Palm Beach, Florida",Wildfires,IRWIN,2025-08-01T21:10:00Z,26.4336111,-80.4225,2400,acres,
EONET_14658,"Kirkland Wildfire, Yavapai, Arizona",Wildfires,IRWIN,2025-08-01T19:20:00Z,34.446667,-112.900556,923,acres,
EONET_14721,"Gifford Wildfire, Santa Barbara, California",Wildfires,IRWIN,2025-08-01T17:12:00Z,35.076367,-120.159167,96106,acres,
EONET_14667,"Pryor Dump Inc. 698 Wildfire, Big Horn, Montana",Wildfires,IRWIN,2025-08-01T16:05:00Z,45.4264,-108.574733,955,acres,
EONET_14652,"Middle Mesa Wildfire, Rio Arriba, New Mexico",Wildfires,IRWIN,2025-08-01T15:33:00Z,36.96974,-107.32962,1115,acres,
EONET_14720,"Island Creek Wildfire, Idaho, Idaho",Wildfires,IRWIN,2025-08-01T12:18:00Z,46.035496,-115.437556,612,acres,
EONET_14666,"BUDDHA RANCH Wildfire, Lake, Montana",Wildfires,IRWIN,2025-08-01T11:34:00Z,47.6911111,-114.5233333,600,acres,
EONET_14663,"STUD HORSE Wildfire, Okanogan, Washington",Wildfires,IRWIN,2025-07-31T18:44:00Z,48.475167,-120.149667,539,acres,
EONET_14656,"Lake Creek Wildfire, Umatilla, Oregon",Wildfires,IRWIN,2025-07-31T17:47:00Z,45.4367,-118.625567,500,acres,
EONET_14657,"Lightning Creek Wildfire, Bonner, Idaho",Wildfires,IRWIN,2025-07-31T12:09:00Z,48.284,-116.1472,700,acres,
EONET_14545,"BU 103-156 Rx 0731 Prescribed Fire, Wakulla, Florida",Wildfires,IRWIN,2025-07-31T09:19:00Z,30.124639,-84.170333,3550,acres,
EONET_14540,"STRIKER Wildfire, Owyhee, Idaho",Wildfires,IRWIN,2025-07-31T05:52:00Z,43.235043,-116.483442,6000,acres,
